Index_Entry,Formal_Full_Name,Normalization_Category
"Artistic temperament', development of concept",,Work
Rosichino',,Person
'Status-seeking' by artists in 17th-century Rome,,Work
Accademia di Pittura e Scultura,,Place
"Adda, Cardinal d'",,Person
"Aix-la-Chapelle, Peace of",,Work
"Albergati-Capacelli, Francesco",,Place
"Albrizzi, Almor¡§¡ã",,Person
Alticchiero (Querini villa),,Place (Reclassified)
"Altieri, Don Gasparo",,Person
"Amelot de la Houssaye, A. N.",,Person
"Anne of Austria, Regent of France",,Place
"Anne, Queen of England",,Person
Anti-papal satire in reign of Alexander VII,,Work
"Antonazzi, Antonio Maria",,Person
"Arcadia, Society of",,Place
"Armanni, G. A.",,Person
"Arpino, Cavaliere d'",,Person
"Artist's position in society, Andrea Memmo on",,Work
"Artists, status of in 17th-century Rome",,Work
"Augustus II of Poland (Frederick Augustus I, Elector of Saxony)",,Person
Baglioni collection,,Work
"Bagnara, Duchess of",,Person
"Baldoini, Giovanni Gasparo",,Person
"Barbarigo, Caterina",,Person
"Barberini, Cardinal Francesco (nephew to Urban VIII)",,Place
"Barberini, Monsignor Francesco (uncle to Urban VIII)",,Place
"Bassanino, Virgilio",,Person
"Bedford, John, 4th Duke of",,Person
"Bentivoglio, Ippotilo",,Person
"Bermis, Cardinal de",,Person
"Berreguete, Pedro",,Person
"Bianconi, G. L.",,Person
"Biffi, Giambattista",,Person
"Boccage, Mme de",,Person
Bombelli Sebastiano,,Person
"Boncampagni, Ugo (Pope Gregory XIII)",,Person
Bonfiglioli collection,,Work
"Boscovich, P.",,Person
"Bracciano, Duke of",,Person
"Bracciano, Paolo Giordano I Orsini, Duke of",,Person
"Bracciano, Paolo Giordona II Orsini, Duke of",,Person
"Breughel, Abram",,Person
"Breval, John",,Person
"Brugiori, Domenico",,Person
"Buckingham, Charles Villiers, Duke of",,Person
"Buckingham, John Sheffield, Duke of",,Person
"Cadani, Stefano",,Person
"Camerino, Giovanni Angelo da",,Person
"Canal, Gerolamo",,Person
"Canale, Procuratore",,Person
"Caprara, Marshal",,Person
"Caraboli, Giacomo",,Person
"Carandini, Count Camillo",,Person
"Carandini, Marchesa Elisa",,Person (Reclassified)
"Carlisle, Earl of",,Person
"Carlone, Gianandrea",,Person
"Castro, First and Second Wars of",,Work
"Castro, Jacomo di",,Person
Catherine the Great of Russia,,Person
"Cattaneo, Giovanni de",,Person
"Celle, Georg Wilhelm Duke of",,Person
"Chandos, Grey Brydges, 5th Lord",,Person
"Chandos, James Brydges, 1st Duke of",,Person
"Chi soffre, speri",,Person
"Chiari, Giuseppe and Tommaso",,Person
"Chigi, Agostino 'il Magnifico'",,Person
"Christina, Queen of Sweden",,Person
Churches of religious orders,,Work
Cibo palace,,Place (Reclassified)
"Cimaroli, Giovan Battista",,Person
"Citt¨¤ di Castello, Matteo da",,Person
"Clemens August, Archbishop-Elector of Cologne",,Person (Reclassified)
"Clostermann, John",,Person
"Colonna, Marc'Antonio",,Person
"Concina, Padre Daniele",,Person
"Conti, Michaelangelo (Pope Innocent XIII)",,Person
Corner family,,Place
"Cortese, Giacomo and Guglielmo",,Person
"Courtois, Jacques and Guillaume",,Person
"Crequi, Duc de",,Person
"Crescenzi, Pietro Paolo",,Person
"Critics, Roman",,Person
"Croissy, M. de",,Person
"Curli, Girolamo",,Person
Customs duty on pictures,,Work
"Devonshire, Duke of",,Person
"Dolfin, Daniele (Archbishop of Udine)",,Work
"Dolfin, Daniele III",,Person
"Douglas, Hamilton, Marquis of",,Person
"Dubois, Ambrose",,Person
Dutch artists,,Place
"Duyvelant, Jacques",,Person
"Effetti, Antonio degli",,Person
"Emo, Procurator",,Person
English patronage,,Work
English tourists in Italy,,Work
"Este, Azzo, Marchese d'",,Person (Reclassified)
"Estr¨¦es, Duc d'",,Person
"Exeter, 5th Lord",,Person
Fantasy and reason,,Work
"Farnese, Odoardo, Duke of Parma",,Person
"Farnese, Ranuccio II, Duke of Parma",,Person
"Fedini, Domenico",,Person
"Ferrerio, Andrea",,Person
Flemish artists in Rome,,Place
"Fontana, Conte Francesco",,Place
Foscarini family,,Place
"Fratta, D. M.",,Person
"Frederick Augustus I, Elector of Saxony",,Person
"Frederick Augustus II, Elector of Saxony",,Person
French hostility to Italian art in the 17th century,,Work
French patronage,,Work
"Furnaletto, Lodovico",,Person
"Gabburri, Francesco",,Place
"Gabrieli, Lodovico",,Person
"Garganego, Girolamo",,Person
Gazzeta Veneta,,Work
"George I, King of England",,Person
"George III, King of England",,Person
German patronage,,Work
"German princes, taste in art",,Person
"Ghibbesio, Jacopo",,Person
Giovanelli collection,,Work
"Giustiniani, Abbate Michele",,Person
"Gloucester, William Henry, 1st Duke of",,Person
"Gozadini, Bonisezio",,Person
Grassi collection,,Work
"Greiffenklau, Karl Philip von",,Person
"Grill, Angelica",,Person
"Grimani, Doge",,Person
"Gruppello, Gabriel",,Person
Gustavus III of Sweden,,Person
Hapsburg collections from Prague,,Work
Hapsburg patronage of Venetian artists,,Work
"Helmbrecker, Theodor",,Person
"Henrietta Maria, Queen of England",,Person
Indecency and the erotic,,Work
Indecency in art,,Work
James III of England,,Person
Johann Georg III of Saxony,,Person
"Johann Wilhelm, Elector Palatinate",,Person
"John Sobieski, King of Poland",,Person
"La Vrilli¨¨re, Louis Ph¨¦lipeaux de",,Person
Labia collection,,Work
"Landscapes, varying reactions to",,Person
"LeBlon, Jakob Christoffel",,Person
"Leopold I, Grand Duke of Tuscany",,Person
"Leopold Wilhelm, Archduke",,Work
"Liechtenstein, Prince Wenzel of",,Person
"Lodoli, Padre Carlo",,Person
"Longhi, Martino, the Elder",,Person
"Lorca, Bernardino",,Person
"Lorraine, Duke of",,Person
"Louisa Ulrika, Queen of Sweden",,Person
"Lyss, Jan",,Person
"Madrid, Venetian artists in",,Person
Manin country house,,Place
Manin family,,Place
"Manin, Doge Lodovico",,Person
"Mantua, Ferdinando Carlo, Duke of",,Person
"Mantua, Ferdinando, Duke of",,Person
Marchands-amateurs,,Work
"Marchesi, Raffaelo",,Work
"Maria Teresa, Holy Roman Empress",,Person
"Marlborough, Duchess of",,Person
"Marucelli, Orazio",,Person
"Matina, L.",,Person
"Max Emmanuel, Elector of Bavaria",,Person
"Maximilian, Prince, Elector of Bavaria",,Person
"Mazenta, Ambrogio",,Person
"Mecklenburg, Christian Louis, Duke of",,Person
"Medici, Ferdinando II de', Grand Duke of Tuscany",,Person
"Medici, Francesco Maria de'",,Place
"Medici, Grand Duke Gian Gastone de'",,Person
"Medici, Grand Prince Ferdinand de'",,Person
"Melanconici, Niccol¨°",,Person
Miani family,,Place
"Mingardi, Francesco",,Place
"Minitti, Mario",,Person
"Modena, Duke of",,Person
"Monnot, Pierre",,Person
"Monte, Cardinal Francesco del",,Place
"Montefeltre, Federigo da",,Person
"Monterey, Count of",,Person
"Montorsoli, Giovanni",,Person
"Morandi, Giammaria",,Person
"Moscheni, Pietro",,Person
"Moschini, Abate G. A.",,Person
"Moscow, Venetian painting in",,Person
"Motteux, Pierre",,Person
"Munich, Nymphenburg palace",,Place (Reclassified)
"Munich, patronage in 17th century",,Person
"Muratori, L. A.",,Person
"Nadal, Jerome",,Place
"Nappi, P. Gerolamo",,Person
Nationalism and art,,Work
"Neapolitan painting, diffusion of",,Person
"Negroni, Cardinal Giovan Francesco",,Place
Nepotism in Rome,,Place
"Newcastle, Thomas Pelham-Holles, Duke of",,Person (Reclassified)
"Newcastle, William Cavendish, Duke of",,Person (Reclassified)
"Non, Dominique De (Dominique Vivant-Denon)",,Person
"Nordiall, John",,Person
"Novaroli, P. Octavio",,Person
"Olina, P.",,Person
Opera in Rome,,Place
"Orleans, Margherite d'",,Person
"Orleans, Philippe d', Regent",,Person
"Ortes, Abate Giuseppe Maria",,Person
"Osimo, Don Cesare Leopardi di",,Person
"Ottonelli, Padre",,Person
"Oxford, Robert Harley, Earl of",,Person
"Painting, social significance of",,Person
"Pamfili (Astalli), Camillo",,Person
Pamfili palace (Piazza Navona),,Place (Reclassified)
"Pamfili, Gianbattista (Pope Innocent X)",,Person
"Pamfili, Giulia",,Person
"Pamfili, Prince Camillo (nephew to Pope Innocent X)",,Person
"Panciatichi, Senator Francesco",,Place
"Paris, Venetian 18th-century artists in",,Place
"Parma, Academy",,Place
"Parmigianino, Francesco",,Place
"Pasquetti, Leonardo",,Person
"Passarowitz, Peace of",,Work
"Patriarch, Gaspare",,Work
Patron-artist relation,,Work
"Pedozzi, Padre Jacopo",,Person
"Peretti-Montalto, Cardinal Alessandro",,Person
"Perusini, Giovanni",,Person
"Pesci, Prospero",,Person
"Petau, P. Denis",,Person
"Peterborough, 3rd Earl of",,Person
"Piastrini, G. D.",,Person
"Piccino, Jacopo",,Person
"Pisa, Treaty of",,Work
"Pisani, Almor¨°",,Person
Platnerus,,Person
"Polazzo, Francesco",,Place
"Pomarance, Niccol¨° Circignani dalle",,Person
"Pompeati, Domenico",,Person
"Portland, Henry, first Duke of",,Person
Prices paid to artists,,Work
"Professional classes, patronage by",,Person
Provincial centres of art patronage,,Work
Publishers in Venice,,Place
"P?llnitz, Baron de",,Person
"Rastatt, Treaty of",,Work
Reason and fantasy,,Work
"Religious orders, patronage by",,Work
"Resta, Padre Sebastiano",,Person
"Ribera, Don Ferdinando Afan de",,Person
"Ricchini, Francesco Maria",,Place
"Ricciardi, Giambattista",,Person
"Richmond, Duke of",,Person
"Romanelli, Giovan Francesco",,Place
"Rosa, Paceco de",,Person
"Rosis, Giuseppe de",,Person
"Rossano, Princess of",,Person
"Rossi, Carlo de'",,Person
"Rossi, Ventura and Lorenzo",,Person
"Rosso, Andrea del (grandfather of Andrea, Lorenzo, and Ottavio del Rosso)",,Person
"Rosso, Giovanni Battista del",,Person
"Rosso, Nicola del",,Person
"Sagredo, Gherardo",,Person
"Sagredo, Stefano",,Person
"Sagrestani, Giovan Camillo",,Person
"Saint-Sauveur, Monsieur de",,Person
"San Rocco, Scuola di",,Place
"Santi, Tommaso de'",,Person
"Savoy, Adelaide Enrichetta of",,Person
"Savoy, Anne Marie of",,Person
"Savoy, Cardinal Maurizio of",,Person
"Savoy, Carlo Emmanuele III of",,Person
"Savoy, Duchess of",,Person
"Savoy, Vittorio Amedeo II, Duke of",,Person
"Schulenburg, Marshal Johann Matthias",,Person
Sch?nborn family,,Place
"Sch?nborn, Johann Philip Franz",,Person
"Serra, Mgr Giacomo",,Person
"Servient, Abb¨¦ de",,Person
Servizio particolare,,Work
"Shaftesbury, 1st Earl of",,Person
"Shaftesbury, 3rd Earl of",,Person
"Skala, Giovanni Dubravio",,Person
Social position of the artist,,Work
Soderini family,,Place
"Spanish Succession, War of",,Work
Spanish patronage,,Work
"St Petersburg, Venetian artists in",,Person
"Stael, Cornelius de",,Person
"Stanislas Poniatowski, King of Poland",,Person
"Stazio, Andrea",,Person
Stoicism in 17th century,,Work
"Storer, Cristoforo",,Person
"Styles, Benjamin",,Person
Superstition in Rome,,Place
"Tarso, Archbishop of",,Work
"Tencala, Cristoforo",,Person
Titles granted to artists,,Work
"Toni, Don Pietro Antonio",,Person
"Toninotto, Padre Giuseppe",,Person
"Uccelli, Ferdinando",,Person
"Udney, John",,Person
"Urbino, Francesco Maria della Rovere, Duke of",,Person
"Urbino, devolution to Papacy",,Person
"Utrecht, Treaty of",,Work
"Vacchelli, Giuliano",,Person
"Valentin, art dealer",,Person
"Valeriani, Domenico and Giuseppe",,Person
"Valeriano, Padre",,Person
Valmarana family,,Place
"Valmarana, Leonardo",,Person
"Vandi¨¨res, Marquis de (later Marquis de Marigny)",,Person
"Vanetti, Valerio",,Person
"Vassalli, Alessandro",,Person
Vatican palace,,Place (Reclassified)
"Veith, Giovanni Adalbertho",,Person
"Venezia, Padre Antonio da",,Person
"Venturi, Professor Franco",,Person
"Visconti, Antonio Maria",,Person
"Wael, Cornelius de",,Person
"Wael, Jean-Baptiste de",,Person
"Waldstein, Count of",,Person
"Wars of late 17th century, influence on art patronage",,Work
"White Hill, Battle of",,Work
Widmann country house,,Place
"Zambeccari, Marchesa Eleonora",,Person (Reclassified)
Zambelli family,,Place
"Zanetti, A. M., the Elder",,Person
"Zanetti, A. M., the Younger",,Person
"Zanotti, F. M.",,Person
"Zen, Procurator Alessandro",,Person
Zenobio family,,Place
Zenobio palace,,Place (Reclassified)
"den Einden, Ferdinand van",,Person
"den Einden, Jan van",,Person
A.M. Zanetti the Elder with Gerini,,
Abigail giving Presents to David,,
Academy at Parma,,
Accademia dei Cacadubbi,,
Accbremia Albrizziana,,Person (Reclassified)
Achille Bosisio,,Work
Aedes Barberina ad Quirinalem,,Place
Albergo del Moretto,,Place
Alessandro Vasalli,,Place
Alfredo Bardella,,Person
Alice Binion,,Work
Allegory of Clemency,,Place
Allegory of Coral fishing,,Person
Allegory of the Education of the Crown of the Palatinate,,Person
Altar Paintings for the Parish Church of San Canciano,,Person
Altar of Friendship,,Work
Altar of Friendship,,Work
Altar of Tranquility and Rural Life,,Person (Reclassified)
Altar of Wealth and Apollo,,Work
Altarpiece for Chiesa Nuova,,Work
Altarpiece for Santa Maria dei Cappuccini,,Place
Altarpiece for Saint Sebastian,,Work
Altarpiece for the Augustinian Church,,Work
Altarpieces for the Royal Chapel,,Work
Andromache weeping before Aeneas,,Work
Angelica Gri¨¨,,Work
Angels carrying the Instruments of the Passion and of Saint Philip in Ecstasy,,Work
Animals and Figures in the Flemish Style|des animaux et figures ¨¤ la flamande,,Work
Annamaria Gabrielli,,Work
Annan Gallery,,Person
Antichiesetta,,Work
Antichita di Palazzi,,Work
Anton Francesco Goli,,Person
Antonio Paluello,,Place
Antonio Pitteri,,Place
Apollo conducting Frederick Barbarossa's bride: Beatrice of Burgundy,,Work
Apostolic Chamber of Commerc,,Person
Apotheosis of the Pisani,,Person
Arch. del Gov. di Roma,,Person
Archivio Comunale di Treviso,,Work
Archivio Mediceo,,Place
Archivio Storico per la Province Napoletane,,Work
Archiviodella Compagnia di Ges¨´,,Place
Ariadne being woken by Love,,Place
Arnaldi Lodovico,,Place
Art Institute of Chicago Robert A. Waller Fund,,Place
"Arts Graphiques de la Cit¨¦,Agraci",,Place
Augustinian Monastery Altarpiece,,Work
Barberini Chapel in San Andrea della Valle,,Person
Barberini Chapelin SanAndreadella Valle),,Place
Barberini library,,Place
Basilica of Santa Cecilia in Bologna,,Work
Batlisheba Bathing,,Work
Battaria di Cusina,,Work
Battistela,,Place
Beatae Mariae Virginis Officium,,Place
Beggar holding a Rosary,,Work
Bell Towers for Saint Peter's Basilica (demolished),,Work
Bensburg Castle,,Place
Bergamasque community,,Work
Biblioceca Estense,,Work
Biblioteca Correr,,Work
Biblioteca Govemadva,,Place
Harold von Hocheim being invested with the princedom by the Emperor in 1163,,Place
Boyle/Locke/Sydenham,,Place
Brutus killing Arruns,,Place
Bust of Francis Bacon,,Place
Bust of Paolo Renier,,Person (Reclassified)
Bust of Phocion,,Work
Caesar and the Corsairs of Cilicia,,Work
Caiano Ferdinand,,Work
Calabrian national church,,Work
Caprizi Copiosi di Figure,,Work
Capuchin church in Rome,,Work
Mazarin in His Gallery,,Person
Caricature of Cassiano dal Pozzo,,Place
Carlo Baccinelli,,Work
Carlo Grimaldo,,Place
Carlo Quarismini,,Person (Reclassified)
Carro Della Notte,,Work
Casa Soster,,Person
Castel Cogolo,,Person
Castello Sfarzesco,,Person
Castle of Cogolo,,Work
Cathedral of Rome,,Place
Cattedrale Chiesa di Parenzo,,Place
Dello speron d'oro,,Place
Ceiling Frescoes in Palazzo Altieri,,Work
Ceiling Frescoes in the Quirinal Palace Gallery,,Place
Ceiling Paintings at Hampton Court,,Place
Ceiling fresco of the Augustinian Church,,Person (Reclassified)
Ceiling of Palazzo Doria-Pamphili,,Work
Ceremonies of the Grand,,Place (Reclassified)
Chapel of Saint Stanislaus Kostka,,Work
Charles Fran ois de Saint Saulieu,,Work
Chiesa de' Servi,,Work
Christ and St Veronica,,Person (Reclassified)
Christ driving the Jews from the Temple,,Place
Christ in the Boat calming His Disciples,,Person
Church Great WitleyWatson,,Place
Church of Santa Maria Rotonda,,Work
Church of the Apostoli,,Work
Cincinnatus summoned from the Plough,,Work
Coggio Pittoni,,Place
Coggioh Pittoni,,Place
Collegio di Siena,,Place
Consiglio del Consorzio,,Work
Conte Carpegna,,Person
Conte Tassis,,Person
Copy of Annibale Carracci's Works,,Place
Copy of Raphael's Loggias,,Place
Correr Library,,Person
Corti Guido,,Person
The Imperial ambassador of Bolagno,,Work
Couvent des Augustins D¨¦chauss¨¦s,,Work
Creusa imploring Aeneas to rescue his father Anchises from the fire of Troy,,Place
Dance of Nymphs,,Person
Death of Saint Francis Xavier,,Person (Reclassified)
Decorations for Saint Augustine Church,,Place
Decorative Paintings for Pisa Residence,,Work
Dedicatory Frontispiece to Etchings,,Work
Della Lena,,Work
Design for Sant'Andrea al Quirinale,,Work
Design for Saint Peter's Square,,Work
Didwich,,Work
Directors of Chatto & Windus,,Person
"Divine Virtues, Faith, Hope, Charity and Wisdom",,Work
Dome Frescoes of Sant'Agnese in Agone,,Work
Domenico Darmanno,,Place
Domenico da Isnello,,Place
Cesare Leopardi d`Osimo,,Work
Giovanni Domenico Brustoloni,,Work
Drawings of Sagredo Family Members,,Person
Dream of St Joseph,,Person
Duplex Intercessio,,Person
Edgar de Vaes,,Person
Edgwareand,,Work
Edoardo Lombardo,,Work
Elena Crin¨°,,Work
Eleonora Zambeccari,,Person
Elijah carried to Heaven in a Chariot of Fire,,Place
Elizabetta Antoniazzi Rossi,,Person
Emile Baudson,,Person
Enrico Brol,,Person
The Imperial ambassador Entry of the of Colloredo,,Work
Estella Brunetti,,Person
Etchings of Oriental-style Heads,,Person
European scientific societies,,Person
Fabio de Fabiis,,Person (Reclassified)
Fabrizio Tarso,,Person
Facade of San Maria del Giglio,,Work
Faith crushing Idolatry,,Place
Fame Carrying the Name of Louis XIV to the Temple of Immortality,,Person
Fame inscribing the glories of Louis XIV on the shoulders of Time,,Person
Family Chapels in Santa Maria Maggiore,,Work
Family of Darius before Alexander the Great,,Work
Fantastical Heads in the Manner of Giorgione,,Work
Federico Correr Lorenzetti,,Work
Flight of Aeneas from Troy,,Place
Fondamenta Foscarini,,Work
Fondo di Ges¨´,,Work
Fortune under the control of Virtue,,Person
"Fortune under the control of Virtue, Justice and Peace",,Work
Francesco Drach,,Place
Francesco Griseri,,Place
Francesco Panciatichi,,Work
Francesco Scaramuccia,,Work
Palazzo Fresco on staircase of Hampton Court,,Person
Frescoes in Lanfranco Cathedral,,Person
Frescoes in Palazzo Barberini Salone,,Person
Frescoes in Sant'Andrea della Valle,,Person
Frescoes in the Corsini Chapel,,Place (Reclassified)
Frescoes in the Palace at Valmontone,,Work
Fulvio Miari,,Work
G.M. Sasso,,Work
Galleria Giustiniani,,Work
Galleria L'Antonina,,Place (Reclassified)
Gallerie di Firenze,,Person
Gallery of the Aeneid,,Work
Gaspare Partridge,,Place
Gerald Burden,,Place
Gerolamo Nappi,,Place
Gio. Gasparo Baldoini,,Place
Giorgio Casini,,Person
Giovanni Antonio Armanni,,Person
Giovanni Battista Fontanella,,Person
Girl with a Basket of Chickens,,Person
Giuho Pisano,,Person
Giulio della Greca,,Person
Giuseppe Antonio Lotti,,Person
Giuseppe Fochessati,,Work
Giuseppe Lorenzo Moncallero,,Person
Giuseppe Toninotto,,Person
Gloria Chiarini de Anna,,Person
Glorification of the Pisani family,,Person
Glory of Venice,,Person
God creating the Angels and Parnassus with Apollo and the Muses,,Person
Gordon Albion,,Person
Gran Tempio Antico,,Work
Grand Ferdinando of Tuscany,,Work
Guglielmo Bauer,,Work
Guidalocti Franchini,,Person
Gypsy Woman with Soldiers,,Work
Hebrew Women singing after crossing the Red Sea,,Person (Reclassified)
Heroes approaching the Temple of Immortality,,Person
Hilda Finberg,,Person
Historic e di Maniera Veneziana,,Work
Illustrations for De Bello Belgico,,Work
Illustrations for De Bello Belgico,,Work
Illustrations for Latin Poems,,Person
Images of Palladian Architecture,,Work
Incisa Della Rocchetta,,Work
Interior of San Andrea al Quirinale,,Work
Jacob Ghibbesio,,Work
Jacopo Pedozzi,,Work
Jacques Duyvdant,,Work
Jael Hammering a nail into Sisera,,Work
Jan Niceo Eritreo,,Person
Jesuit Archives,,Person
Joachim von Derschau,,Person
Job and Wife and Isaac blessing Jacob,,Work
John Bryan Shipley,,Person
John Edward Sweetman,,Place
Joint caricature of Simonelli and Mola,,Person
Joint caricature of Simonelli and Mola,,Work
Joseph Valfrey,,Person
"Juno, Goddess of Air",,Person
Jupiter among the Corybantes,,Work
Jupiter giving Suck,,Work
Jupiter handed over by Cybele to the Corybantes to be Fed,,Person
Jupiter sending down his Thunder bolts on the Gods,,Work
Solomon Bathing,,Work
Kuf¨¹rst Clemens August,,Work
L'Inondazione del Tevere,,Work
"La Beata Vergine in Egitto, e San Giuseppe",,Work
La Burla del Piovano Arlotto,,Person (Reclassified)
La Chiesa di Ges¨´ Cristo vendicata ne' suoi contrasegni ne' suoi dogmi,,Work
La Fiera dell' Impruneta,,Work
La Galleria di Minervat VI,,Work
La rissa all'Ambasciata di Spagna,,Work
Landscape with Man fleeing from Serpent,,Work
Landscape with Man killed by a Snake,,Work
Landscape with Rural Dance,,Place
Landscape with Woman washing her Feet,,Work
Lazzaro Rivera,,Work
Le Artiche vanno per le vie nella citta di Venezia,,Work
Le Fabbriche e Vedute di Venetia,,Work
Leonardo Pasqueti,,Work
Leto turning the Shepherds into Frogs,,Person
Library of King's College,,Work
Life of Christ series,,Work
Lina Livan,,Person
Lita-Rose Betcherman,,Work
Louis Bordet,,Place
Luca Bartolotti,,Work
Luca Ombrosi,,Person
Lucchese community,,Person
Lucien Marcheix,,Person
Luigi Teodoli,,Person
M. de Bordeaux,,Person
Madonna of the Rosary with Saints Dominic and Catherine,,Place
Maestro Valerio Antonio Zarzabini,,Person
Main Dome Frescoes of the Church of the Ges¨´,,Person
Malborough Fine Art Ltd,,Person
Marchigian town,,Work
Palazzo Marco Foscarini's,,Person
Maresca di Serracapmula,,Work
Maria Elena Ghelli,,Place
Maria Pamfili,,Place
Mario D'Orsi,,Place
Marriage Allegory of the Rezzonico Family,,Person
Marshal Schulenburg,,Person
Martirii patiti da Santi Martiri per La confessione di Christo,,Person
Mar¨ªa Antonieta Gatas,,Person
Matteo del Teglia,,Work
Mattia Rosichino,,Work
Max Steinbart,,Work
Melle Calberg,,Person
Mercury awaking Aeneas,,Person
Messrs T. and A. Constable Ltd.,,Person
Michele Lauretano,,Person
Mina Pajes Merriman,,Person
Minori Osservanti,,Work
Minori Osservanti,,Place
Mississippi Gallery,,Person
Modello for fresco on vault of San Ignazio,,Person
Modello for the Glory of San Luigi Gonzaga,,Place
Mola painting the portrait of Alexander VII,,Person
Monastery of Jeronymites,,Place
Montpellier Library,,Work
Monument to Doge Giovanni Pesaro in Church of the Frari,,Work
Monument to Gregory XV,,Person (Reclassified)
Monument to the 1st of Marlborough,,Place
Mosaic from the Temple of Fortune at Praeneste,,Place
Moses strikin the Rock,,Work
Mostra dei Remondini,,Person (Reclassified)
Mostra del Tiepolo,,Person (Reclassified)
Mourners at Tomb of Francesco Algarotti in Pisa,,Work
Mucius Scaevola at the Altar,,Work
Murals at Windsor Castle,,Work
Murals for the Vienna Residence,,Work
Murder of Cain,,Work
Museo della Torre di San Marco,,Work
Napoleonic government,,Work
Naudaeana,,Work
Nella Stamperia Albrizziana,,Work
Neptune Paying Homage to Venice,,Place
Nero being shown the Corpse of Seneca,,Place
Newtonianismo cover illustration,,Place
Nymphenburg Gardens,,Place
Odomenigo Lelonotti da Fanano,,Work
Old man with a Pipe and Tobacco Pouch,,Work
Oratorian Chiesa Nuova,,Work
Oriental Customs,,Place
Oriental heads,,Person
Original proposals for reclaiming Pr¨¤ de?a Va?e,,Work
Ornella Osti,,Place
Osvaldo B?hm Photograph Collection: Art and Architecture of Venice,,Work
Ottavio Novaroli,,Work
"O¨´ sont des pasteurs, des berg¨¨res et des moutons",,Work
P. Carlo de Co: ti Lodoli Veneziano forse il Socrate Architetto,,Person
Paintings for the Church in Salamanca,,Place
Palace at Valmontone,,Person
Palazzo Taddeo,,Work
Pamfili Moncalto,,Work
Paola Berselli Ambri,,Work
Parish of San Marco,,Place
Parma gallery,,Place
Paul Varnish,,Person
Pendentive Dome Frescoes of the Church of the Ges¨´,,Person
Philippe Zygodon,,Place
Picture Exhibition at Church of San Rocco,,Place
Pierre Motteux and his Family,,Person
Pietro Zuccoli,,Work
Pinacoteca at Lucca,,Person
Leo and Attila,,Work
Thomas Aquinas and Vincent Ferrer Pius V,,Work
Portrait of Field Marshal Schulenburg,,Person
Portrait of John Law,,Place
Portrait of John of Poland,,Person (Reclassified)
Portrait of Madame Rosenberg,,Person (Reclassified)
Portrait of Ottaviano Prati,,Work
Portrait of Pierre Motteux,,Work
Portrait of Streit's Father,,Person (Reclassified)
Portrait of Streit's Mother,,Work
Portrait of Streit's Sister,,Work
Portrait of Teodoro Correr,,Work
Portrait of a Cook,,Work
Portrait of the of Prussia,,Work
Portrait of the artist and his publisher Albrizzi,,Work
Portraits of Venetian Cardinals,,Work
Portraits of Venetian Popes,,Work
Portraits of the and of Monterrey,,Person (Reclassified)
Portraits of the Doges of Venice,,Work
Powers of Eloquence,,Work
Presenzini Cigoli,,Work
Protestant cemetery of San Cristoforo,,Person (Reclassified)
Provencal antiquary Peiresc,,Work
"Quadi, che rappresentano fatti della Sacra Scrittura",,Work
Jezebel torn to pieces by Dogs,,Person
Raccolta di centododici stampe,,Place
Raffaelo Marchesi,,Place
Raphael Loggias,,Work
Regulus killed by the Carthaginians,,Person (Reclassified)
Relief of Field Marshal Schulenburg,,Work
Religion trampling on Heresy,,Person
Religious Decorations at Whitehall,,Place
Renier Zeno,,Work
Ritratto con aistallo,,Work
Robert Alexander Waller Fund,,Work
Roberto Lanetti,,Work
Rococo Pavilion,,Person
Romulm and Remus,,Work
Rosalba Lorenzetti,,Place
Ruins of the Church of the Cross,,Person
Rules of the Order,,Place
San Gerolamo nel Deserto,,Work
SanGiovanni Decollato,,Person
SanMaria della Concezione,,Work
SanMaria della Vittoria,,Work
SSan Cosma e Damiano alia Giudecca,,Work
Sacrifices to Priapus,,Place
Saints Peter and Paul Baptising in the Mamertine Prison,,Place
Salumieri Guild,,Place
Samson killing a thousand with a jawbone,,Place
San Niccolo al Lido,,Work
Scenes from the Life of Scipio Africanus,,Work
Scenes of Christian Warfare,,Place
Scenes of Venetian Noble Life,,Work
School of Carlo Cignani,,Place
Sculptures for the Cathedral,,Work
Sebastiano Molino,,Work
Series of Egyptian Figures,,Work
Series of Etruscan Phallic Symbols,,Place
Service de Documentation Photographique des Musees Nationaux,,Work
"Sezione Notarile, Venice",,Person
Sheila Rinehart,,Work
Silvia Meloni Trkulja,,Work
Silvio Ubaldi,,Place
Society of Arcadia,,Place
Sophronia and Olindo,,Person
Soprintendenza alle Gallerie,,Person
St Francis in Assisi,,Person
St Stanislas Kostka,,Place
St Stanislas Kostka on his deathbed,,Work
St Teresa wounded by Christ,,Place
Saint Andrew's Temple Church,,Place
Saint Dominic instituting the Rosary,,Work
Saint Eustace hunting,,Work
Saint Helen finding the True Cross,,Work
Saint John and Saint Charles Borromeo,,Place
Saint Peter receiving the Keys,,Work
Saint Philip Neri and the Virgin,,Work
Saint Romualdo,,Work
Stamperia Albrizziana,,Work
State Squidition,,Work
Statue of Antenor,,Work
Statue of Field Marshal Schulenburg,,Work
Statue of Field Marshal Schulenburg,,Place
Statues for the Lateran Basilica,,Place
Stefano Sadani,,Work
Strength protecting Wisdom,,Work
Sulla maniera di Zorzone,,Work
Tarantella Dancers,,Work
Tarquin and Lucretia and a Joseph,,Person
Tavole Barberini,,Work
Tempest with Pyramus and Thisbe,,Work
Teodora dal Pozzo,,Work
Teresa Maria Marcellino,,Work
Palazzo The Arrival at the,,Work
The Assumption of the Blessed Luigi Gonzaga,,Work
The Beheading of St Paul,,Person
The Capture of Syracuse with the Death of Archimedes,,Person
The Death of St Francis Xavier,,Place (Reclassified)
The Deposition from the Cross/Deposition,,Work
The Ecstasy of St Margaret,,Work
The Four Continents paying homage to Karl Philip von Greiffenklau,,Work
The Glorification of the Trinity with the Adoration of the instruments of Passion,,Work
The Glory of St Dominic,,Work
The Glory of Saint Luigi Gonzaga,,Work
The Infant Jupiter handed over by Cybele to the Corybantes to befed,,Work
The Killing of Sisera,,Work
The Life of Cato,,Work
The Life of Saint Ursula,,Work
The Punishment of the Prophet Ananias,,Work
The Strada Emmanuela,,Work
The Three Angels visiting Abraham,,Work
The Virgin Giving the Habit to Saint Teresa,,Work
"The War between the Romans and the Sabines, and Coriolanus and his Mother",,Work
The artist with a group of friends,,Place
The stoning of Zechariah,,Work
Theodor Helm Breaker,,Work
Third Colonnade for Saint Peter's Square (unfinished),,Work
"Three Dominican Saints: Vincent, Hyacinth and Lawrence",,Work
Three Portraits of Dogs,,Work
Tiberio Roberti,,Person
Tiepolo's Etchings,,Work
Tre Animali,,Work
Twelve Watercolors of Venetian Women,,Work
Two Baskets of Fruit and Flowers,,Person
Ufficio dell' Assessore Comunale alle Belle Arti,,Work
Un trionfo d'armi,,Work
Urbino Cathedral,,Work
Varj Capriccj,,Work
Vatican Papal Basilica,,Place
Venetian Military Republic,,Work
Venice Notarial Section,,Place
Venice-Inquisitori di Stato,,Work
Venice-Inquisiwri,,Place
Venice-Sezione Notarile,,Place
Venice-Stampe,,Place
Ventura Carrara,,Place
Ventura Rossi,,Place
Venus Leaving the Bath,,Place
Venus Mourning over the Death of Adonis,,Place
Venus playing with Cupid,,Person
Via de' Giubbonari,,Person
Vienna Foscarini,,Work
Vigilie di San Pietro,,Work
Villa d'Arcetri,,Work
Vincenzo da Canal,,Place
Virgil Bassanino,,Person
Virgin and Child holding Rosaries with Saints Catherine and Dominic,,Work
Virgin protecting the city of Spoleto,,Place
Virginia Museum of fine Arts Williams Fund,,Person
Viterbo Moroni,,Person
Vrilliere,,Work
William Chandler Kirwin,,Work
Woman Playing Musical Instrument,,Place
Women washing their Laundry at a Fountain,,Place
Youth rescued from the Pleasures of Venus,,Place
Zephyr Abducting Chloris,,Person
Zuane Udni,,Work
Nell¡¯ingresso del procuratore Giorgio Pisani,,Work
Una favola d'Enea,,Work
,,Work
,,Person
,,Work
,,Work
