SN,Refined_Formal_Name,Original-QID,Original-QID_Desc,Second-Query_QID,Second-Query_QID_Desc,Selected_QID,Reason
1,A storm at sea,Q102961376,画家 Pieter Mulier 约1690年创作。他活跃于罗马并受 Borghese 家族资助。,Q20020027,荷兰黄金时代画家 Van de Velde 的海景画。,Q102961376,判定标准：地域关联。 在意大利赞助背景下，Mulier（绰号 Tempesta）的作品更具针对性。
2,Achille Neri,Q20488569,19世纪意大利艺术史学家（1842-1925），专门研究美第奇家族赞助史。,Q122905814,意大利画家（记录较少）。,Q20488569,判定标准：职业地位。 确认为研究赞助制度及文献的关键学者。
3,Adonis,Q163920,希腊神话中象征美与重生的神祇，维纳斯的情人，巴洛克艺术核心题材。,Q147534,植物学：侧金盏花属。,Q163920,判定标准：语义匹配 (P31)。 艺术史背景下必然指代神话人物本体。
4,Aeneas (人物),Q82732,希腊/罗马神话英雄，特洛伊王子，罗马祖先。艺术委托中最常见的主题源头。,Q20000656,费德里科·巴罗奇 1598 年创作的油画。,Q82732,判定标准：实体类型 (P31)。 指向神话人物本体。
4,Aeneas' Flight from Troy,Q82732,同上,Q20000656,费德里科·巴罗奇受托为枢机主教罗韦雷创作，现藏于博尔盖塞美术馆。,Q20000656,判定标准：正式作品名。 指向具体的受托画作实体。
5,Agamemnon,Q128176,迈锡尼国王，特洛伊战争统帅。17-18世纪历史画委托的常见权力题材。,Q514891,埃斯库罗斯的悲剧文学作品。,Q128176,判定标准：题材源头。 绘画作品通常源于英雄史诗人物本体。
6,Agnolo Galli,Q127691377,15世纪佛罗伦萨商人、诗人和艺术赞助人（1447年卒）。,Q363296,画家 Agnolo Gaddi（14世纪活跃）。,Q127691377,判定标准：身份匹配。 修正了重名误指向，保留了准确的赞助人 QID。
7,Alessandro Algardi (人物),Q336798,17世纪意大利巴洛克雕塑家（1598-1654），教皇英诺森十世的主要艺术顾问。,Q26111373,圣彼得大教堂的大理石浮雕作品。,Q336798,判定标准：职业角色 (P106)。 确认为艺术契约中的执行者（画家/雕塑家）。
7,Meeting of Leo I and Attila,Q336798,同上,Q26111373,阿尔加迪受教皇英诺森十世委托创作的杰作，现位于圣彼得大教堂。,Q26111373,判定标准：实体属性 (P31)。 指向具体的浮雕艺术实体。
8,Alessandro Borgia,Q3609880,18世纪意大利总主教（1682-1764），著名的学术与艺术赞助者。,Q2197044,16世纪西班牙枢机主教。,Q3609880,判定标准：活跃年代。 与该数据集主要涵盖的巴洛克/新古典赞助时期相符。
9,Alessandro Orsini (人物),Q2832804,17世纪意大利枢机主教（1592-1626），加利略的资助人及重要收藏家。,Q11904881,贝尼尼创作的大理石半身肖像。,Q2832804,判定标准：赞助人身份。 指向契约中的委托方/收藏家。
9,Bust of Alessandro Orsini,Q2832804,同上,Q11904881,贝尼尼于1621年受托创作，是17世纪肖像雕塑的巅峰，现藏于哥本哈根。,Q11904881,判定标准：正式作品名。 指向具体的图像记录实体。
10,Alessandro Sforza,Q953878,佩萨罗领主（1409-1473），文艺复兴早期重要工程的赞助人。,Q2832818,16世纪意大利枢机主教。,Q953878,判定标准：赞助地位。 领主 Sforza 资助了皮耶罗·德拉·弗朗切斯卡等大师，契合背景。
11,Allegory of Divine Wisdom,Q111821593,皮埃特罗·达·科尔托纳 1629 年为巴贝里尼家族创作的天顶壁画。,Q26699586,基督教神学中的抽象概念。,Q111821593,判定标准：具体性。 指代特定的、由赞助人委托的大型装饰工程。
12,Altarpiece for St. Sebastian,Q65508996,提香 (Titian) 创作。赞助背景通常与圣塞巴斯蒂安兄弟会相关。,Q65508996,同上。,Q65508996,判定标准：去重确认。 QID 唯一且匹配作品。
13,Altarpiece for the Augustinian Church,Q56558993,鲁本斯 (Rubens) 1628 年受安特卫普奥古斯丁教会委托创作。,Q56558993,同上。,Q56558993,判定标准：去重确认。 QID 唯一且匹配作品。
14,Andrea Doria (人物),Q156521,热那亚海军上将（1466-1560），查理五世时期的显赫艺术赞助人。,Q108451660,皮翁博 (Piombo) 创作的肖像画。,Q156521,判定标准：赞助人本体。 确认为赞助行为的发起者。
14,Portrait of Andrea Doria,Q156521,同上,Q108451660,塞巴斯蒂亚诺·德·皮翁博于1526年受托创作，现藏于多利亚·潘菲利美术馆。,Q108451660,判定标准：正式作品名。 确认为肖像画实物实体。
15,Andrea Tron,Q110224729,18世纪威尼斯政治家与赞助人（1712-1785），圣马可检察官。,Q110352115,描绘其肖像的油画作品。,Q110224729,判定标准：职业 (P106)。 指向政治家/赞助人本体。
16,Andrew Fountaine,Q4756994,18世纪英国著名的收藏家与业余艺术家（1676-1753），活跃于大旅行时期。,Q75244499,威廉·霍加斯创作的肖像画。,Q4756994,判定标准：收藏家身份。 研究其在大旅行期间对欧洲艺术的赞助与收购。
17,Angel with the Superscription,Q15181138,贝尼尼为天使桥创作的雕塑，由教皇克莱蒙九世委托。,Q29026912,描述见上。,Q15181138,判定标准：首选条目。 Q15181138 包含更完整的委托历史。
18,Angelo Crespi,Q3616942,现代记者/评论家。,Q114122885,18世纪博洛尼亚参赞，与当地艺术赞助有文献关联。,Q114122885,判定标准：年代契合。 与 18 世纪的赞助背景吻合。
19,Antenor,Q571969,希腊神话人物。在16-17世纪神话绘画委托中常作为英雄先祖出现。,Q745125,古希腊雕塑家（约公元前 5 世纪）。,Q571969,判定标准：题材属性。 艺术背景下多作为绘画题材的主人公。
20,Anthony Blunt,Q508392,20世纪艺术史学家（1907-1983），法式赞助研究专家。,Q75639217,间谍/历史人物描述。,Q508392,判定标准：职业领域。 指向研究赞助史的关键学者。
21,Antonio Battistella,Q61472533,19世纪意大利历史学家，研究领主制的赞助与统治。,Q599831,演员。,Q61472533,判定标准：学科关联。 与艺术研究相关。
22,Antonio Cappello,Q15731838,18世纪威尼斯大使，活跃于当时的艺术与政治赞助圈。,Q16527426,16世纪威尼斯官员。,Q15731838,判定标准：活跃年代。 契合 18 世纪赞助背景。
23,Antonio Lombardo,Q602863,15-16世纪威尼斯雕塑家（1458-1516），服务于美第奇和埃斯特家族。,Q30611830,相关作品描述。,Q602863,判定标准：职业。 指向艺术家本体。
24,Antonio Ruffo (人物),Q88949215,17世纪西西里最重要的赞助人与收藏家，鲁福家族领袖。,Q108765904,鲁福家族官方肖像。,Q88949215,判定标准：赞助人本体。 确认为伦勃朗等大师的订单发起者。
24,Portrait of Antonio Ruffo,Q88949215,同上,Q108765904,现藏于墨西拿，反映了 17 世纪贵族对家族形象的视觉构建。,Q108765904,判定标准：正式作品名。 指向具体的画作实体。
25,Apollo,Q37340,希腊神话太阳神。古典艺术赞助中最核心的象征性题材。,Q665812,拉斐尔在签字大厅创作的特定壁画。,Q37340,判定标准：题材本体。 除非特指某幅画，否则保留神话人物实体。
26,Apollo flaying Marsyas,Q67203478,提香 (Titian) 晚年受奥洛穆茨主教委托创作的油画杰作。,Q97185664,圭多·雷尼创作的同名作品。,Q67203478,判定标准：艺术史地位。 在赞助史研究中，提香此作更具代表性。
27,Aristotle (人物),Q868,古希腊哲学家。在巴洛克绘画中常受托作为“智慧”的象征。,Q84473023,伦勃朗创作的著名油画。,Q868,判定标准：实体类型。 确认为哲学人物本体。
27,Aristotle with a Bust of Homer,Q868,同上,Q84473023,伦勃朗 1653 年受西西里赞助人 Antonio Ruffo 委托创作，现藏于大都会。,Q84473023,判定标准：正式作品名。 指向具体的名作实体。
28,Arnold Hauser,Q365852,艺术社会史学家，著有《艺术社会史》，深刻探讨了赞助制度。,Q695303,匈牙利学者。,Q365852,判定标准：学科贡献。 指向赞助制度研究的奠基者。
29,Assumption of the Virgin,Q117379114,提香 1516 年受 Frari 教会委托创作的祭坛画。,Q1899740,抽象概念：圣母升天。,Q117379114,判定标准：具体性。 指代特定的、由赞助人委托的大型祭坛画项目。
30,Aurora,Q108741948,格尔奇诺 (Guercino) 1621 年为鲁多维西家族创作的壁画巅峰。,Q1066178,圭多·雷尼 (Guido Reni) 创作的同名壁画（博尔盖塞赞助）。,Q108741948,判定标准：特定委托。 基于本数据集倾向，优先保留格尔奇诺这一重要委托件。
31,Bacchanal,Q29384647,抽象题材：酒神节，巴洛克艺术中常见的受托题材。,Q111648805,具体的画作。,Q29384647,判定标准：题材广泛性。 除非明指某画，否则保留通用题材 QID。
32,Barbara Mazza,Q124847240,意大利历史学家，专门研究 18 世纪威尼斯赞助与鉴赏。,Q116784390,不同人物。,Q124847240,判定标准：职业领域。 指向相关领域的研究学者。
33,Santa Maria Maggiore,Q186282,罗马四大圣殿之一，其装饰史即是教皇赞助史。,Q77245219,描绘教堂内部的 18 世纪油画。,Q186282,判定标准：实体属性。 指向建筑本体。
33,Interior of Santa Maria Maggiore,Q186282,同上,Q77245219,帕尼尼 (Panini) 受英国赞助人委托创作的风景记录画。,Q77245219,判定标准：正式作品名。 指向具体的景观艺术品实体。
34,Brera,Q426609,位于米兰的布雷拉美术馆，其馆藏多来源于拿破仑时期的征集与赞助。,Q104052296,书籍或其他。,Q426609,判定标准：机构权威性。 指向美术馆本体。
35,Bruno Brunelli,Q59524453,意大利文学与艺术史学家，研究 18 世纪戏剧与赞助关系。,Q113237839,医学专家。,Q59524453,判定标准：职业领域。 与数据集研究背景吻合。
36,Bust of Epicurus,Q125809381,古典时代受托创作的哲学家大理石半身像复制品。,Q131543691,另一版馆藏记录。,Q125809381,判定标准：权威记录。 指向标准的大理石艺术实体。
37,Cambridgeshire,Q23112,英国郡名，与 18 世纪英国庄园赞助文化相关。,Q30612390,选举区或其他。,Q23112,判定标准：地理本体。 指向核心行政区。
38,Camillo Rospigliosi,Q43288825,17世纪意大利贵族（1601-1670），教皇克莱蒙九世的兄弟，重要的巴洛克赞助人。,Q76114659,由贝尼尼创作的大理石半身像。,Q43288825,判定标准：赞助人本体。 其家族是当时罗马最重要的订单来源之一。
39,Carl Bildt,Q2070822,19世纪瑞典外交官与历史学家，研究美第奇赞助。,Q52922,现代瑞典政治家。,Q2070822,判定标准：年代契合。 与 19 世纪的赞助研究史吻合。
40,Carlo Ademollo,Q126923746,19世纪意大利历史画画家，受托创作大量爱国题材作品。,Q1065068,相关作品。,Q126923746,判定标准：职业。 指向艺术家本体。
41,Carlo Barberini (人物),Q1186836,17世纪罗马显赫家族巴贝里尼的成员，圣座将军，极具权势的艺术赞助人。,Q5041457,描绘卡洛·巴贝里尼的肖像。,Q1186836,判定标准：赞助人身份。 指向巴贝里尼这一顶级赞助实体的核心成员。
41,Portrait of Carlo Barberini,Q1186836,同上,Q5041457,描绘该赞助人的油画，体现了巴洛克权力的视觉语言。,Q5041457,判定标准：正式作品名。 指向肖像画实体。
42,Carlo Fontana,Q704356,17世纪意大利巴洛克建筑师（1638-1714），教皇克莱蒙十一世的主要建筑顾问。,Q3659352,相关作品描述。,Q704356,判定标准：职业。 指向建筑师（执行方）本体。
43,Carthage,Q6343,迦太基古城。在古典画委托中作为《埃涅阿斯纪》的悲剧地频繁出现。,Q976381,具体的画作标题。,Q6343,判定标准：地点本体。 指向地理实体。
44,Castro,Q52129,意大利拉齐奥古城。法尔内塞家族的封地，其装饰与赞助与其家族兴衰紧密相连。,Q1049855,其他地点。,Q52129,判定标准：历史关联。 指向与法尔内塞赞助史直接相关的古城。
45,Catherine de' Medici,Q131552,法国王后，文艺复兴时期最具权势的女赞助人。,Q45639,其他。,Q131552,判定标准：人物唯一性。 指向主条目本体。
46,Cebes,Q965144,古希腊哲学家。在巴洛克艺术中其《塞贝斯画板》是极受欢迎的委托题材。,Q10444302,书籍记录。,Q965144,判定标准：题材本体。 指向人物/题材核心。
47,Chapel of the Virgin Mary,Q77326869,特指某处受赞助装饰的圣母小堂。,Q83800880,其他条目。,Q77326869,判定标准：建筑特定性。 指向相关的建筑实物。
48,Charles Bennet,Q5075537,18世纪坦卡维尔伯爵，英国贵族，参与了多项建筑赞助。,Q433085,不同人物。,Q5075537,判定标准：身份匹配。 与 18 世纪英国赞助背景吻合。
49,Charles Burney,Q547002,18世纪英国音乐史学家，活跃于意大利赞助圈。,Q5075910,运动员。,Q547002,判定标准：职业领域。 指向历史背景下的学者本体。
50,Charles James Fox,Q5304515,18世纪英国杰出政治家，其肖像画曾由雷诺兹等大师受托创作。,Q438131,运动员。,Q5304515,判定标准：社会地位。 确认为重要的肖像委托方。
51,Charles Mitchell,Q42154355,艺术史学家，研究古典传统在文艺复兴时期的延续。,Q121315185,其他。,Q42154355,判定标准：职业。 确认为相关研究领域的学者。
52,Chioggia,Q55416,意大利威尼斯潟湖城镇。卡纳莱托等画家受英国赞助人委托创作的热点景观。,Q63413150,描绘该地的画作。,Q55416,判定标准：地点本体。 指向地理实体。
53,Chloe,Q19861876,抽象概念/人物。,Q2668516,古希腊田园文学题材。,Q2668516,判定标准：题材关联。 艺术史中指代受托的田园风格作品。
54,Chloris,Q28122362,希腊神话花神，波提切利等赞助画作的核心题材。,Q2147082,小行星。,Q28122362,判定标准：语义匹配。 排除天文名词，保留神话题材。
55,Christopher Hussey,Q5112590,20世纪英国建筑史学家，致力于研究 18 世纪庄园赞助文化。,Q123000268,相关记录。,Q5112590,判定标准：学科领域。 确认为研究赞助史的关键学者。
56,Christopher Lloyd,Q983238,现代艺术史学家，前英国皇家收藏馆馆长，赞助史专家。,Q109324,演员。,Q983238,判定标准：职业身份。 指向皇家收藏管理与研究者本体。
57,Church of St. John,Q2664848,18世纪英国受委托建造的圣约翰教堂。,Q29480820,其他同名教堂。,Q2664848,判定标准：建筑特定性。 指向该背景下具有赞助研究价值的建筑。
58,Church of the Gesù,Q719794,耶稣会母堂，其巴洛克风格的天顶画装饰是法尔内塞家族赞助的巅峰。,Q3585960,相关作品。,Q719794,判定标准：建筑地位。 指向 16-17 世纪最重要的赞助项目承载地。
59,Cicero,Q1541,古罗马演说家，古典主义赞助中博学与雄辩的象征人物。,Q2446440,相关作品。,Q1541,判定标准：题材本体。 指向历史人物实体。
60,Clovis Whitfield,Q5136005,艺术史学家，著名的巴洛克及卡拉瓦乔研究专家。,Q76066165,不同记录。,Q5136005,判定标准：职业。 指向艺术史研究者。
61,Corfu,Q121378,希腊科孚岛。18世纪威尼斯赞助人与舰队将军常委托以此为背景的胜战画。,Q205832,其他行政区。,Q121378,判定标准：地理实体。 指向核心地点本体。
62,Corybantes,Q631406,希腊神话人物，常在受托的神话题材画作中出现。,Q923296,其他。,Q631406,判定标准：题材属性。 指向神话人物群体。
63,Crete,Q34374,克里特岛。格列柯（El Greco）等画家的故乡及其早期赞助环境。,Q958049,其他。,Q34374,判定标准：地点本体。 指向地理实体。
64,Cybele,Q188236,大地之母神。在 17 世纪寓言画委托中象征丰饶与大地。,Q70392029,具体的雕塑。,Q188236,判定标准：题材本体。 指向神话实体。
65,Dalmatia,Q528042,达尔马提亚地区。威尼斯共和国的重要赞助势力范围。,Q5211528,相关地理名词。,Q528042,判定标准：地点本体。 指向核心地理实体。
66,Daniele Concina,Q3701909,18世纪意大利多明我会修士，与当时的教会艺术赞助紧密关联。,Q112485041,相关记录。,Q3701909,判定标准：职业。 指向历史背景下的神职人员。
67,Daniele Dolfin,Q3015062,18世纪威尼斯枢机主教、著名的艺术赞助人，服务于德拉·罗韦雷等家族。,Q3014934,不同名字的杜尔芬家族成员。,Q3015062,判定标准：赞助人身份。 指向枢机主教及艺术委托方。
68,Daphnis,Q741627,希腊神话牧羊人。田园风格画作委托的常见题材。,Q135361,小行星。,Q741627,判定标准：语义匹配。 排除天文名词。
69,David,Q766487,贝尼尼为枢机主教博尔盖塞创作的雕塑《大卫》。,Q18057751,米开朗基罗的《大卫》（佛罗伦萨政府赞助）。,Q766487,判定标准：赞助人背景。 博尔盖塞家族的委托（贝尼尼版）更契合该批次的巴洛克重心。
70,Democritus,Q41980,古希腊哲学家。在巴洛克艺术中常作为题材受托，与赫拉克利特对映。,Q10882454,相关作品。,Q41980,判定标准：题材本体。 指向人物实体。
71,Denis Diderot (人物),Q448,启蒙运动哲学家、艺术评论家。其《沙龙展》评述深刻改变了画家与购买者的关系。,Q62615724,格勒兹 (Greuze) 创作的肖像画。,Q448,判定标准：社会角色。 确认为历史人物/评论家本体。
71,Portrait of Denis Diderot,Q448,同上,Q62615724,描述见上。体现了 18 世纪启蒙文人的官方视觉形象。,Q62615724,判定标准：正式作品名。 指向肖像画实体。
72,Denis Mahon,Q3705445,20世纪最重要的巴洛克艺术史学家与收藏家（1910-2011），格尔奇诺研究奠基者。,Q76093327,其他。,Q3705445,判定标准：职业影响力。 指向该领域最具权威性的收藏家。
73,Diana (人物),Q132543,罗马神话狩猎女神。赞助人常要求将其女性家眷描绘为此形象。,Q645412,特指某幅画。,Q132543,判定标准：题材本体。 指向神话女神本体实体。
74,Diana and her Nymphs,Q26038063,维米尔 (Vermeer) 约 1653 年受托创作的油画。,Q32234,其他画作标题。,Q26038063,判定标准：艺术史地位。 在赞助关系中，维米尔此作具有特殊研究价值。
75,Dido,Q905162,迦太基女王。在 17 世纪歌剧与绘画委托中是极受欢迎的悲剧女英雄题材。,Q202550,卫星。,Q905162,判定标准：语义匹配。 排除天文名词。
76,Diogenes Searching for an Honest Man,Q75194631,17世纪常见的寓言画题材，表现哲学家第欧根尼提灯寻人。,Q114719834,具体的画作。,Q75194631,判定标准：题材代表性。 涵盖该主题在赞助史中的通用记录。
77,Domenico Fontana,Q336806,16世纪意大利建筑师，教皇西斯都五世的主要建筑师，负责竖立方尖碑。,Q66624849,其他。,Q336806,判定标准：职业地位。 指向教皇赞助体系中的核心执行者。
78,Domenico Rossi,Q60335720,18世纪威尼斯巴洛克建筑师，受托设计了耶稣会教堂的宏伟立面。,Q108446764,不同名字的人物。,Q60335720,判定标准：身份匹配。 确认为威尼斯赞助背景下的建筑师。
79,Dominicans,Q131479,多明我会。欧洲最重要的宗教艺术赞助机构之一。,Q3247924,其他。,Q131479,判定标准：机构本体。 指向修会本体，用于关联其庞大的委托历史。
80,Drunken Silenus,Q17652393,鲁本斯或里贝拉（Ribera）受托创作的著名神话题材。,Q3960488,抽象题材。,Q17652393,判定标准：实体具体性。 指向特定受托风格的代表作。
81,Edward Poore,Q75928552,18世纪英国贵族、赞助人，活跃于罗马的艺术市场。,Q75928525,描述见上。,Q75928552,判定标准：首选条目。 Q75928552 提供更详实的身份信息。
82,Edward Young,Q507699,18世纪英国诗人，其《夜思》对当时的艺术赞助与感伤主义风格有深远影响。,Q15055406,其他。,Q507699,判定标准：文化影响力。 指向诗人本体，探讨其作为思想源头的地位。
83,Elijah,Q133507,先知以利亚。反宗教改革时期最受赞助人推崇的圣经题材之一。,Q19827682,相关作品。,Q133507,判定标准：题材本体。 指向人物/题材实体。
84,Elizabeth Yates,Q4990813,19世纪著名女演员。肖像画委托的常见主体。,Q5363769,其他。,Q4990813,判定标准：社会形象。 确认为肖像画的被画者。
85,Enzo Bentivoglio,Q21548348,17世纪法拉拉贵族、外交官与著名的罗马艺术赞助人。,Q123115360,其他。,Q21548348,判定标准：赞助人身份。 指向本蒂沃利奥家族在罗马的核心赞助者。
86,Erminia,Q17324876,塔索《被解放的耶路撒冷》中女英雄。巴洛克时期最受赞助人喜爱的文学绘画题材。,Q3732023,其他描述。,Q17324876,判定标准：题材特定性。 确认为艺术史中极重要的题材实体。
87,Esau,Q220822,圣经人物。在描写“出卖长子权”的委托画中是核心主体。,Q81826641,相关作品标题。,Q220822,判定标准：题材本体。 指向圣经人物实体。
88,Esther before Ahasuerus,Q26492606,圣经题材：以斯帖晋见王。常受托表现女性的智慧与王权，如阿特米希亚的作品。,Q3733425,其他描述。,Q26492606,判定标准：具体性。 指向特定的艺术史经典题材。
89,Et in Arcadia ego,Q15805858,普桑 (Poussin) 1637 年为枢机主教罗ospigliosi创作。,Q1140358,圭尔奇诺创作的同名早期作品。,Q15805858,判定标准：影响力判定。 普桑此作在赞助与艺术史讨论中占据绝对核心。
90,Ezekiel,Q194064,先知以西结。宗教艺术赞助中宏大远象题材的代表。,Q19271130,相关作品。,Q194064,判定标准：题材本体。 指向先知实体。
91,Fabrizio Moretti,Q47542159,意大利著名古董商与收藏家，专门经营 14-16 世纪大师画作。,Q522260,不同职业。,Q47542159,判定标准：职业领域。 指向现代顶级收藏与经营者。
92,Fausto Rughesi,Q124857379,16-17世纪意大利建筑师，受托设计了罗马圣母堂（Santa Maria in Vallicella）的立面。,Q109295630,描述较少记录。,Q124857379,判定标准：身份匹配。 确认为重要建筑工程的执行方。
93,Federico Cesi (人物),Q322023,猞猁之眼科学院创始人（1585-1630），加利略的早期赞助人及科学收藏家。,Q1605089,描绘费德里科·切西的肖像。,Q322023,判定标准：赞助人身份。 指向 17 世纪最重要的科学与艺术赞助人。
93,Portrait of Federico Cesi,Q322023,同上,Q1605089,记录其学术形象的油画肖像，反映了科学赞助的视觉属性。,Q1605089,判定标准：正式作品名。 指向具体的图像记录。
94,Ferdinand Boyer,Q62559508,法国艺术史学家，专门研究 18 世纪意大利与法国的艺术赞助关系。,Q8319285,不同记录。,Q62559508,判定标准：学科领域。 确认为相关领域的研究专家。
95,Ferdinand van den Eynde,Q99237902,17世纪佛兰德斯巨商与收藏家（1630年卒），那不勒斯艺术赞助的核心人物。,Q115811440,他的墓葬纪念碑（由杜奎诺伊雕刻）。,Q99237902,判定标准：赞助人本体。 确认为庞大艺术收藏的拥有者。
96,Ferdinando de' Medici,Q465178,17世纪托斯卡纳大公储（1663-1713），著名的“音乐与艺术赞助人”。,Q68868116,相关作品。,Q465178,判定标准：赞助人身份。 指向美第奇家族晚期最重要的赞助实体。
97,Filippo Corsini,Q3745158,17世纪意大利贵族、教皇克莱蒙十二世的家族成员，重要的赞助人。,Q110738215,现代同名人物。,Q3745158,判定标准：年代契合。 确认为巴洛克时期的赞助家族成员。
98,Flavio Chigi,Q368700,17世纪意大利枢机主教、教皇亚历山大七世的侄子，罗马最显赫的收藏家之一。,Q1397340,其他同名人物。,Q368700,判定标准：赞助人影响力。 指向奇吉家族的核心赞助实体。
99,Francesco Barberini,Q2662344,17世纪枢机主教（1597-1679），教皇乌尔班八世的侄子，其赞助定义了巴洛克罗马。,Q62121634,相关作品描述。,Q2662344,判定标准：赞助人地位。 指向 17 世纪教皇权力和艺术赞助的核心。
100,Francesco Fanelli,Q3749954,17世纪意大利雕塑家（1577-1663），主要活跃于英国宫廷。,Q3749953,其他记录。,Q3749954,判定标准：职业。 指向艺术家本人。
101,Francesco Fontana,Q3749996,17-18世纪意大利巴洛克建筑师（1668-1708），卡洛·丰塔纳之子。,Q646955,17世纪意大利枢机主教。,Q3749996,标准：职业角色 (P106)。 建筑师 Fontana 是多项教皇工程的执行者。
102,Francesco Maidalchini,Q3080994,17世纪意大利枢机主教（1631-1700），奥林匹娅·迈达尔基尼之侄，显赫赞助人。,Q112434208,描绘其形象的肖像画。,Q3080994,标准：赞助人本体。 指向契约中的委托方角色。
103,Francesco Milizia (人物),Q323009,18世纪著名的意大利建筑理论家与艺术评论家（1725-1798），新古典主义倡导者。,Q3750297,描绘米利齐亚的半身雕塑。,Q323009,标准：职业 (P106)。 指向理论家本体，研究其对赞助口味的影响。
103,Bust of Francesco Milizia,Q323009,同上。,Q3750297,记录这位评论家形象的肖像作品。,Q3750297,标准：正式作品名。 指向艺术品实体。
104,Francis Bacon,Q37388,17世纪英国哲学家、政治家。其肖像常由当时名家受托创作。,Q154340,20世纪英国画家弗朗西斯·培根。,Q37388,标准：年代与语境。 在历史赞助背景下，通常指代 17 世纪的哲学家被画者。
105,Francis Watson,Q1441774,20世纪著名的艺术史学家、华莱士收藏馆馆长，专门研究法式家具与赞助。,Q112540489,不同领域。,Q1441774,标准：职业领域。 指向艺术史研究者。
106,Franconia,Q150907,德国法兰克尼亚地区。维尔茨堡宫（由提埃坡罗装饰）的赞助背景地。,Q1374404,其他行政区。,Q150907,标准：地理本体。 指向核心历史地理实体。
107,Frederick the Great,Q118998667,普鲁士国王腓特烈二世（1712-1786）。著名的艺术与音乐赞助人。,Q114986073,腓特烈大帝的肖像。,Q118998667,标准：赞助人本体。 确认为无忧宫等工程的最高委托人。
108,Fulvio Testi,Q594614,17世纪意大利外交官与诗人（1593-1646），与埃斯特家族赞助圈紧密相关。,Q120973899,描绘其形象的肖像。,Q594614,标准：身份。 指向历史人物本体。
109,Ganymede,Q131588,希腊神话中美少年。巴洛克天顶画中最受赞助人喜爱的寓言题材。,Q3169,木卫三。,Q131588,标准：语义匹配。 艺术背景下排除天文名词。
110,Gasparo Gozzi,Q1232500,18世纪威尼斯作家与评论家，活跃于威尼斯艺术赞助社交圈。,Q91016550,相关的肖像作品。,Q1232500,标准：职业身份。 指向文人/评论家本体。
111,Giacomo Lomellini,Q15896926,热那亚共和国总督，17世纪重要的热那亚艺术赞助人。,Q117459069,相关的视觉记录。,Q15896926,标准：赞助人地位。 确认为政治权力与艺术契约的核心。
112,Giovanni Adamo,Q581481,18世纪利希滕斯坦亲王（Johann Adam Andreas），欧洲最重要的艺术收藏家之一。,Q77227732,相关记录。,Q581481,标准：收藏家身份。 确认为该家族赞助史的关键成员。
113,Giovanni Battista Pasquali,Q3762420,18世纪威尼斯著名的出版商与艺术赞助中介，服务于约瑟夫·史密斯领事。,Q3766722,同名人物。,Q3762420,标准：职业 (P106)。 与威尼斯 18 世纪艺术市场紧密关联。
114,Giovanni Battista Recurti,Q110566749,18世纪威尼斯著名的出版商，曾资助并出版大量艺术与建筑图册。,Q112435296,其他记录。,Q110566749,标准：职业。 指向艺术图册出版赞助者。
115,Giovanni Battista Rota,Q15695541,18世纪意大利主教与赞助人。,Q3766743,其他同名。,Q15695541,标准：年代与身份。 契合该阶段的教廷赞助背景。
116,Giovanni Bona,Q5565359,17世纪意大利枢机主教、学者（1609-1674），波拿家族成员。,Q82694,不同人物。,Q5565359,标准：身份契合。 确认为活跃于巴洛克罗马的赞助阶层。
117,Giovanni Marchiori,Q240781,18世纪威尼斯著名的洛可可雕塑家（1696-1778）。,Q76521682,描绘马尔基奥里的肖像。,Q240781,标准：职业。 指向艺术家（执行方）本体。
118,Giovanni Sforza,Q3768134,佩萨罗领主（1466-1510），卢克雷齐亚·波吉亚的首任丈夫，艺术委托人。,Q1379775,抽象描述或误指。,Q3768134,标准：身份。 指向文艺复兴领主及赞助人。
119,Giovanni Tabacco,Q3768195,20世纪意大利历史学家，专门研究中世纪至近代国家的赞助制度。,Q21289021,相关描述。,Q3768195,标准：职业领域。 确认为相关制度研究专家。
120,Girolamo Colonna,Q1223162,17世纪意大利枢机主教（1604-1666），科隆纳家族显赫的艺术赞助人。,Q22783981,相关画作标题。,Q1223162,标准：赞助人身份。 指向科隆纳家族的核心人物。
121,Girolamo Zanetti,Q27478552,18世纪威尼斯学者，专门研究威尼斯硬币与古代艺术赞助史。,Q61482945,不同人物。,Q27478552,标准：职业领域。 与 18 世纪艺术学术圈吻合。
122,Giulio Natali,Q19868897,20世纪艺术史学家，专门研究 18 世纪罗马的赞助人与文化。,Q136242352,法律学者。,Q19868897,标准：职业领域。 确认为赞助史研究专家。
123,Giulio Savelli,Q3107956,17世纪意大利枢机主教，萨韦利家族在罗马艺术市场的重要参与者。,Q116619951,不同名字。,Q3107956,标准：身份契合。 确认为 17 世纪显赫的教廷赞助人。
124,Giuseppe Bianchini,Q2071608,18世纪意大利学者、枢机（1704-1764），著名的文献赞助者。,Q114860412,不同记录。,Q2071608,标准：身份匹配。 确认为 18 世纪活跃的学者赞助人。
125,Giuseppe Delogu,Q55226990,20世纪意大利艺术史学家，专注于 17-18 世纪威尼斯绘画与赞助研究。,Q123222353,其他记录。,Q55226990,标准：职业领域。 指向相关领域的研究学者。
126,Giuseppe Fossati,Q64138719,18世纪意大利律师与学者，参与了威尼斯早期的艺术管理。,Q102281497,建筑师家族成员。,Q64138719,标准：身份。 指向 18 世纪特定赞助环境下的文人角色。
127,Giuseppe Mazzotti,Q51184,20世纪意大利艺术评论家，推动了威尼斯别墅赞助文化的保护。,Q37835259,不同人物。,Q51184,标准：职业地位。 确认为别墅文化研究的关键人物。
128,Giuseppe Ortolani,Q3771116,20世纪著名的威尼斯学者，专门研究 18 世纪艺术与文学赞助。,Q108922642,现代运动员。,Q3771116,标准：职业领域。 与该数据集研究背景契合。
129,Giuseppe Sardi,Q3771406,17-18世纪威尼斯建筑师（1624-1699），受托建造了多处精美的巴洛克教堂立面。,Q327026,不同流派建筑师。,Q3771406,标准：职业。 指向巴洛克时期的执行方。
130,Giuseppe de Rossi,Q28730220,17世纪罗马著名的版画商与赞助人，其家族垄断了罗马的地图与艺术版画市场。,Q15812370,其他成员。,Q28730220,标准：职业地位。 确认为版画赞助史的关键人物。
131,Goliath,Q192785,圣经巨人。巴洛克时期“大卫斩杀歌利亚”这一赞助题材的主人公。,Q46998500,相关的画作标题。,Q192785,标准：题材本体。 指向圣经/神话人物实体。
132,Gregory VII,Q133063,中世纪教皇。在 17 世纪受教皇委托的壁画中常作为教权扩张的象征出现。,Q101866,相关的文学记录。,Q133063,标准：题材源头。 绘画作品通常源于教皇本体及相关史实。
133,Guglielmo della Porta,Q1623328,16世纪意大利雕塑家（1500-1577），教皇保罗三世的主要墓葬雕刻师。,Q115362017,相关的艺术记录。,Q1623328,标准：职业。 指向顶级雕塑家本体。
134,Guido Zucchini,Q70587659,20世纪艺术史学家，专注于博洛尼亚地区的赞助与建筑史。,Q3779518,不同人物。,Q70587659,标准：职业领域。 与特定地区的赞助研究相关。
135,Gustavus Adolphus,Q52938,瑞典国王（1594-1632），三十年战争中的核心人物。其肖像受多国君主委托。,Q106088691,国王的肖像画。,Q52938,标准：赞助人本体。 确认为历史主导人物。
136,Gyles Isham,Q16008048,20世纪英国历史学家，专门研究林肯郡及其家族的赞助史。,Q76038239,不同人物。,Q16008048,标准：职业领域。 指向庄园/家族赞助研究学者。
137,Heinrich Brauer,Q18934987,艺术史学家，贝尼尼习作与绘图研究的奠基人之一。,Q1596820,现代运动员。,Q18934987,标准：职业领域。 确认为巴洛克赞助与草图研究专家。
138,Heinrich Zimmermann,Q1599421,20世纪奥地利艺术史学家，研究维也纳宫廷的赞助与收藏。,Q1599420,其他记录。,Q1599421,标准：职业领域。 确认为宫廷收藏研究专家。
139,Henriette Adelaide of Savoy,Q57628,17世纪萨伏依公主（1636-1676），慕尼黑宁芬堡宫的重要赞助人。,Q242928,相关的艺术描写。,Q57628,标准：赞助人身份。 指向重要的女性资助人。
140,Herculaneum (地点),Q178813,被维苏威火山埋没的古城。18世纪的考古发现深刻影响了新古典主义赞助口味。,Q961668,描绘赫库兰尼姆废墟的画作。,Q178813,标准：实体属性 (P31)。 指向考古遗址本体。
140,Views of Herculaneum,Q178813,同上。,Q961668,帕尼尼或皮拉内西受英国赞助人委托创作的考古风景画。,Q961668,标准：正式作品名。 指向具体的景观记录画实体。
141,Hercules (人物),Q122248,希腊神话英雄。统治者赞助中象征“美德与力量”的最核心题材。,Q10448,武仙座。,Q122248,标准：实体类型 (P31)。 确认为神话题材本体。
142,Hermann Voss,Q1612982,20世纪著名的艺术史学家（1884-1969），巴洛克绘画研究与鉴定的权威。,Q96917,相关记录。,Q1612982,标准：职业影响力。 指向该领域决定性的研究专家。
143,Homer (人物),Q11710021,古希腊盲诗人。在 17 世纪绘画委托（如伦勃朗版）中常作为文学智慧的代表。,Q2101592,相关的艺术作品。,Q11710021,标准：实体层级。 确认为题材源头的人物本体。
144,Hugh Percy,Q2616156,诺森伯兰公爵（1742-1817），18世纪英国杰出的建筑与园林赞助人。,Q5932275,第一代公爵。,Q2616156,标准：赞助贡献。 第二代公爵在扩建与艺术资助方面记录显著。
145,Inigo Jones,Q295929,17世纪英国建筑师与布景师（1573-1652），查理一世的宫廷赞助核心。,Q55006893,相关作品描述。,Q295929,标准：职业。 指向执行方（建筑师）本体。
146,Innocent XIII,Q132708,18世纪教皇（1655-1724）。,Q133100,其他。,Q132708,标准：赞助人本体。 指向历史主条目。
147,Iphigenia (人物),Q192673,希腊神话中阿伽门农之女。17-18世纪歌剧与绘画委托中常见的悲剧题材。,Q7462749,画作《伊菲革涅亚的牺牲》。,Q192673,标准：题材本体。 确认为神话人物实体。
147,The Sacrifice of Iphigenia,Q192673,同上。,Q7462749,提埃坡罗或普桑受托创作的同名画作标题。,Q7462749,标准：正式作品名。 指向特定的艺术品实体。
148,Iris,Q184570,希腊神话彩虹女神。巴洛克装饰画中常作为神使形象受托创作。,Q156901,虹膜或小行星。,Q184570,标准：语义匹配。 艺术背景下必指神话女神。
149,Isaac,Q671872,圣经人物。在描写“献祭以撒”等赞助题材中是核心主体。,Q5920537,相关作品标题。,Q671872,标准：题材本体。 指向圣经人物实体。
150,Isaiah,Q188794,圣经先知。西斯廷礼拜堂及众多受托湿壁画中的重要象征题材。,Q920209,相关作品。,Q188794,标准：题材本体。 指向先知人物实体。
151,Ischia,Q72134,意大利伊斯基亚岛。那不勒斯赞助人常委托画家以此地风光为题材。,Q99981411,相关的地质记录。,Q72134,标准：地理本体。 指向行政与历史地点。
152,Jacob,Q289957,圣经先知雅各。其生平故事是 17 世纪家庭画与挂毯委托的热点。,Q25999604,相关记录。,Q289957,标准：题材本体。 指向先知人物实体。
153,Jacob and Rachel (作品),Q120884420,画家 Palma il Vecchio 创作的《雅各与拉结》，现藏于德累斯顿。,Q111639853,圣经中雅各与拉结的故事题材（概念）。,Q120884420,标准：具体性。 在赞助背景下指代特定的、由赞助人委托的实物画作。
154,Jacques Callot,Q460124,17世纪法国著名版画师（1592-1635），受美第奇及法尔内塞家族赞助。,Q65023290,相关作品描述。,Q460124,标准：职业。 指向艺术家（执行方）本体。
155,Jael,Q954820,圣经女英雄。巴洛克时期“雅亿杀西西拉”是极具张力的受托题材。,Q62666916,具体的画作。,Q954820,标准：题材本体。 指向圣经人物。
156,James Adam (人物),Q2618073,18世纪英国著名的亚当风格建筑师，与兄长罗伯特共同引领赞助潮流。,Q108353602,描绘詹姆斯·亚当的肖像。,Q2618073,标准：职业角色 (P106)。 确认为重要建筑合同的执行方。
156,Portrait of James Adam,Q2618073,同上。,Q108353602,描绘这位建筑师的官方油画，体现了新古典主义文人的形象。,Q108353602,标准：正式作品名。 指向具体的图像实物。
157,James Wyatt,Q1350728,18-19世纪英国著名的格鲁吉亚风格建筑师。,Q75469007,相关作品记录。,Q1350728,标准：职业。 指向建筑师本体。
158,Jeremiah,Q158825,圣经先知。在宗教画委托中象征受难与预言。,Q14649096,相关的画作标题。,Q158825,标准：题材本体。 指向先知实体。
159,Job,Q179962,圣经人物。在苦难题材画作中常受托表现其坚韧美德。,Q124721,其他。,Q179962,标准：题材本体。 指向人物实体。
160,Johann Georg Zimmermann,Q115878,18世纪瑞士医生与文人，活跃于德国与俄国的宫廷赞助圈。,Q28973048,不同人物。,Q115878,标准：身份匹配。 确认为宫廷社交圈中的文人被画者。
161,Johann Matthias von der Schulenburg,Q128136233,18世纪威尼斯最重要的艺术赞助人与收藏家（1661-1747），雇佣了卡纳莱托等名家。,Q70910,同名家族成员。,Q128136233,标准：赞助人影响力。 指向著名的舒伦堡收藏之主。
162,Johannes Wilde,Q15430589,20世纪著名的匈牙利艺术史学家，研究米开朗基罗与赞助关系的权威。,Q1698628,不同人物。,Q15430589,标准：职业领域。 指向赞助研究奠基者。
163,John Finch,Q6233132,17世纪英国外交官，在大旅行期间是重要的赞助中介与被画者。,Q123999443,现代同名。,Q6233132,标准：年代契合。 与 17 世纪赞助背景吻合。
164,John Fleming,Q6233420,20世纪英国艺术史学家，著名的《亚当风格》及赞助史研究者。,Q686875,其他记录。,Q6233420,标准：职业领域。 指向相关领域的研究专家。
165,John Law,Q312694,18世纪苏格兰金融家。其肖像受路易十五时期多位画家委托。,Q202872,不同记录。,Q312694,标准：社会地位。 确认为重要的肖像委托方。
166,John Nicoll,Q4731153,18世纪英国学者，活跃于当时的收藏与学术赞助圈。,Q76042979,不同记录。,Q4731153,标准：身份。 指向 18 世纪历史人物。
167,John Northall,Q18009154,18世纪英国军官，著有意大利旅行游记，详细记录了当时的赞助状况。,Q76146593,不同记录。,Q18009154,标准：身份。 指向提供文献支撑的历史人物。
168,John Russell,Q335406,18世纪著名的英国粉彩肖像画家。,Q108162299,国王相关记录。,Q335406,标准：职业。 指向艺术家（执行方）本体。
169,John Strange,Q6259378,18世纪英国外交官、著名威尼斯艺术赞助人与收藏家（1732-1799）。,Q112783324,不同记录。,Q6259378,标准：赞助人地位。 确认为 18 世纪威尼斯艺术市场的重要客户。
170,John Walker,Q324571,20世纪著名的美国艺术史学家，前国家艺术馆馆长，赞助史专家。,Q450549,博物学家。,Q324571,标准：职业领域。 确认为机构管理与研究者本体。
171,John Woodward,Q706904,17-18世纪英国学者、收藏家（1665-1728），著名的地质与钱币赞助者。,Q115695627,现代记录。,Q706904,标准：身份匹配。 指向 18 世纪显赫的学者收藏家。
172,Joseph Wagner,Q11728479,18世纪著名的威尼斯版画师与赞助人，培养了皮拉内西等名家。,Q120579975,相关记录。,Q11728479,标准：职业地位。 确认为版画赞助与教育的核心人物。
173,Judith,Q26454627,圣经女英雄。巴洛克时期“犹滴杀荷罗浮尼”是最受赞助人推崇的张力题材。,Q112299965,相关的作品。,Q26454627,标准：题材本体。 指向人物/题材实体。
174,Jules Mazarin,Q166056,法国枢机主教马扎然（1602-1661）。17世纪欧洲最显赫的艺术赞助人之一。,Q61685080,相关的文学描写。,Q166056,标准：赞助人本体。 指向历史关键赞助人主条目。
175,Jupiter,Q34201,罗马神话众神之王。在天顶画赞助中象征至高无上的皇权。,Q37530492,相关的艺术作品。,Q34201,标准：题材本体。 指向神话实体。
176,Landscape with the Flight into Egypt (作品),Q75135162,安尼巴莱·卡拉奇 (Annibale Carracci) 1603 年为博尔盖塞赞助人创作的名作。,Q1803755,相关的圣经故事概念。,Q75135162,标准：具体性。 在赞助背景下指代特定的、具有里程碑意义的委约作品。
177,Lauro,Q55047,17世纪意大利作曲家，活跃于当时的宫廷艺术赞助圈。,Q3827960,不同地名。,Q55047,标准：职业。 指向历史背景下的文人角色。
178,Lelio Guidiccioni,Q55998317,17世纪罗马诗人、收藏家，与贝尼尼等艺术家关系密切的赞助阶层。,Q56006638,相关描述。,Q55998317,标准：赞助阶层身份。 确认为巴洛克罗马的赞助中介。
179,Livio Odescalchi,Q10319317,17世纪意大利亲王、教皇克莱蒙十一世之侄，显赫的艺术赞助人。,Q11762206,奥德斯卡尔基家族成员。,Q10319317,标准：赞助人地位。 确认为家族中核心的收藏之主。
180,Lorenzo Magalotti,Q327913,17世纪意大利学者、枢机及赞助人（1637-1712），美第奇家族的重要幕僚。,Q590501,不同记录。,Q327913,标准：身份。 确认为巴洛克时期的典型赞助阶层文人。
181,Lorenzo Raggi (人物),Q18340689,17世纪热那亚枢机主教（1615-1687），教皇格列高利十五世家族的显赫赞助人。,Q57232940,描绘其形象的官方肖像画。,Q18340689,标准：身份角色。 确认为赞助关系中的委托方。
181,Portrait of Cardinal Lorenzo Raggi,Q18340689,同上。,Q57232940,描绘该赞助人的油画，体现了 17 世纪教廷权势的视觉特征。,Q57232940,标准：正式作品名。 指向肖像画实物实体。
182,Louis XIII,Q737533,法国国王路易十三（1601-1643）。确立了波旁王朝早期的大规模艺术赞助模式。,Q1323065,相关作品记录。,Q737533,标准：赞助人本体。 确认为历史核心委托人。
183,Louis XV,Q7738,法国国王路易十五（1710-1774）。其统治时期开启了洛可可艺术的辉煌赞助时代。,Q130418514,相关描述。,Q7738,标准：赞助人本体主条目。
184,Louise Rice,Q111387765,现代著名的艺术史学家，专注于 17 世纪罗马祭坛画与赞助关系的研究。,Q134318682,不同人物。,Q111387765,标准：职业领域。 指向该领域的前沿研究者。
185,Luigi Salerno,Q6700132,20世纪著名的意大利艺术史学家，研究博洛尼亚绘画与赞助关系的泰斗。,Q93261247,法律学者。,Q6700132,标准：职业影响力。 指向相关领域的研究权威。
186,Marcus Furius Camillus,Q294862,古罗马军事统帅。在新古典主义绘画委托中常作为美德与忠诚的象征出现。,Q666740,相关的画作标题。,Q294862,标准：题材本体。 指向历史人物实体。
187,Marcus Junius Brutus (人物),Q172248,刺杀凯撒的古罗马共和派。在启蒙时代赞助中常作为反抗暴政的题材符号。,Q11935164,米开朗基罗受托创作的《布鲁图斯半身像》。,Q172248,标准：实体层级。 确认为神话/历史人物本体。
187,Bust of Brutus,Q172248,同上。,Q11935164,米开朗基罗为赞助人 Donato Giannotti 创作的雕塑，现藏于巴杰罗美术馆。,Q11935164,标准：正式作品名。 指向具体的雕塑实物。
188,Maria Luisa,Q229854,18世纪西班牙王后，戈雅最重要的赞助人之一。,Q18091939,其他皇室成员。,Q229854,标准：赞助人身份。 指向与戈雅作品紧密关联的委托方。
189,Maria Mancini,Q242532,17世纪意大利名媛、马扎然枢机之侄，其肖像受路易十四及罗马豪门多次委托。,Q3847415,相关作品。,Q242532,标准：身份。 指向历史背景下的核心社交与赞助阶层。
190,Maria Walpole,Q446919,18世纪英国贵族，沃尔波尔家族成员，著名的肖像被画者。,Q75463847,相关记录。,Q446919,标准：身份。 确认为 18 世纪显赫的肖像委托方。
191,Mario Brunetti,Q61473962,20世纪艺术史学家，专注于威尼斯艺术市场与收藏史的研究。,Q3848377,法律专家。,Q61473962,标准：职业领域。 指向收藏史研究者本体。
192,Mario Chigi,Q98708917,17世纪意大利贵族（1594-1667），奇吉家族在罗马赞助高峰期的关键成员。,Q100441578,相关肖像画。,Q98708917,标准：赞助人身份。 指向奇吉家族的核心人物。
193,Mark Ritchie,Q6769447,20世纪著名的古典艺术保护者与赞助人。,Q110140410,不同记录。,Q6769447,标准：职业。 指向艺术资助人本体。
194,Marriage,Q26511045,17世纪普桑受托创作的系列组画《七件圣事》中的“婚礼”主题。,Q8445,抽象的婚姻概念。,Q26511045,标准：具体性。 在赞助背景下指代特定的、由查尔·德·尚泰卢委托的组画。
195,Mars and Venus (作品),Q28796946,委罗内塞 (Veronese) 1570 年受托创作的名作，象征和谐与秩序。,Q18573895,相关的神话概念（火神与美神）。,Q28796946,标准：正式作品名。 在赞助背景下指代特定的、被广泛收藏的实物画作。
196,Matteo Bartolini,Q20246871,16世纪意大利建筑师，教皇赞助体系下重要的防洪与城市规划专家。,Q124178247,相关的工程记录。,Q20246871,标准：职业。 指向建筑师（执行方）本体。
197,Mecklenburg,Q109057,德国梅克伦堡地区。18世纪庄园建筑与室内艺术赞助的兴盛地。,Q37484532,相关地名记录。,Q109057,标准：地理本体。 指向历史地理单元。
198,Michael Jaffé,Q6831576,20世纪最重要的鲁本斯研究专家、菲茨威廉博物馆馆长。,Q1928009,现代人物。,Q6831576,标准：职业领域。 确认为鲁本斯作品鉴别与赞助研究的泰斗。
199,Michele Battaglia,Q15731683,19世纪意大利历史学家，研究那不勒斯时期的社会与艺术赞助关系。,Q116753936,现代运动员。,Q15731683,标准：职业领域。 与历史研究背景吻合。
200,Mira,Q48144,意大利威尼斯潟湖城镇。以帕拉第奥风格的别墅群赞助（如 Villa Foscari）著称。,Q1936996,恒星“蒭藁增二”。,Q48144,标准：语义匹配。 排除天文名词，保留历史地理本体。
201,Moor Park,Q3862780,18世纪英国著名的帕拉第奥风格庄园，詹姆斯·索恩希尔曾在此进行装饰。,Q6908050,其他地点或描述。,Q3862780,标准：建筑特定性。 指向著名的赞助庄园本体。
202,Museo dell'Opera del Duomo,Q1200696,佛罗伦萨主教座堂博物馆，保存有大量由美第奇及教廷赞助的雕塑珍品。,Q3328407,其他博物馆记录。,Q1200696,标准：机构权威性。 指向佛罗伦萨核心艺术收藏地。
203,Niccolò Simonelli (人物),Q97072945,17世纪罗马显赫的艺术收藏家与中介（约1611-1671），曾服务于基吉家族。,Q97072934,描绘西莫内利的肖像画。,Q97072945,标准：职业角色 (P106)。 确认为重要的赞助人与鉴赏家本体。
203,Portrait of Niccolò Simonelli,Q97072945,同上。,Q97072934,描绘这位收藏家的油画，体现了当时艺术圈中介阶层的地位。,Q97072934,标准：正式作品名。 指向具体的图像记录实体。
204,Nicholas Stone (人物),Q1985010,17世纪英国著名的雕塑家与建筑师（1586-1647），查理一世的宫廷大师。,Q75956717,他设计的纪念碑或建筑作品。,Q1985010,标准：职业角色 (P106)。 确认为艺术家（执行方）本体。
204,Memorial to Nicholas Stone,Q1985010,同上。,Q75956717,记录其艺术成就的实物或碑铭。,Q75956717,标准：实体属性 (P31)。 指向其具体的物质留存。
205,Nicholas Turner,Q110243718,现代著名的艺术史学家，大英博物馆及盖蒂博物馆前馆长，素描与赞助研究专家。,Q75874439,不同记录。,Q110243718,标准：职业领域。 指向相关领域的研究专家。
206,Norfolk,Q23109,英国诺福克郡。18世纪庄园赞助文化的核心地区（如霍顿庄园）。,Q959951,其他行政区划。,Q23109,标准：地理实体。 指向核心历史地理本体。
211,Palazzo Colonna,Q1971299,罗马最显赫的家族宫殿之一，其华丽的画廊是科隆纳家族财力与赞助的象征。,Q106044567,相关的工程记录。,Q1971299,标准：建筑本体。 确认为教皇赞助体系中的顶级私人宫殿。
212,Palazzo Farnese,Q848386,罗马法尔内塞宫，文艺复兴时期最宏伟的宫殿之一，由小桑加罗及米开朗基罗设计。,Q2560897,同名其他建筑。,Q848386,标准：建筑地位。 指向法尔内塞家族的核心赞助中心。
213,Palazzo Reale,Q3890742,凡指王宫。在赞助背景下通常指那不勒斯或都灵的皇室宫殿。,Q426339,马德里王宫。,Q3890742,标准：语境匹配。 根据数据集分布，倾向于意大利境内的王室赞助中心。
214,Palazzo Venezia,Q1123879,威尼斯宫（罗马）。教皇保罗二世委托建造，威尼斯共和国的政治与艺术中心。,Q1228270,相关记录。,Q1123879,标准：建筑本体。 确认为重要的外交与艺术交流枢纽。
215,Palazzo della Ragione,Q2517428,帕多瓦著名的理性宫。其巨大的内部空间曾受托进行大规模湿壁画装饰。,Q3361361,其他同名。,Q2517428,标准：历史重要性。 指向帕多瓦的核心公共赞助项目。
216,Pallas Athena (人物),Q37122,希腊神话智慧女神，赞助人常以其象征理智与保护。,Q3610098,相关的艺术作品。,Q37122,标准：实体类型 (P31)。 确认为题材/神话本体。
217,Pan (人物),Q132582,希腊神话题材中的牧神，常在描写田园、感官与音乐的委托件中出现。,Q80174,相关作品或不同描述。,Q132582,标准：神话本体。 确认为艺术创作的题材源头。
218,Pan and Syrinx (作品),Q55412120,普桑或鲁本斯受托创作的《潘与绪林克斯》，体现了巴洛克时期的欲望与变形主题。,Q111645387,相关的神话概念。,Q55412120,标准：具体性。 在赞助背景下指代特定的、由赞助人委托的实物画作。
219,Peter de Witte,Q315803,16-17世纪荷兰/意大利画家（1548-1628），绰号 Pietro Candido，活跃于巴伐利亚宫廷。,Q7177906,相关作品描述。,Q315803,标准：职业。 指向艺术家（执行方）本体。
220,Philadelphia Museum of Art,Q510324,费城艺术博物馆，收藏有大量重要的欧洲赞助作品。,Q114245540,其他。,Q510324,标准：机构权威性。 指向核心博物馆本体。
221,Phocion,Q175942,古希腊将领，美德的化身。普桑曾受托创作其葬礼题材名作。,Q121842052,相关作品。,Q175942,标准：题材本体。 指向历史人物实体。
222,Piazza del Duomo,Q51150,凡指教堂广场。特指米兰或佛罗伦萨的公共赞助枢纽。,Q51108,比萨的主教座堂广场。,Q51150,标准：地理代表性。 指向核心历史城市空间。
223,Pierre Clément,Q22970617,18世纪瑞士评论家与外交官，活跃于当时的巴黎与罗马赞助圈。,Q118111738,不同记录。,Q22970617,标准：身份。 指向历史背景下的文人/中介角色。
224,Pietro Antonio Novelli,Q1718478,18世纪威尼斯著名的画家与版画师，受托创作了大量宗教与装饰画。,Q2374666,相关的肖像。,Q1718478,标准：职业。 指向执行方（艺术家）本体。
225,Pietro Barbarigo,Q107565971,18世纪威尼斯枢机主教、显赫的赞助人与艺术收藏家。,Q3903674,其他家族成员。,Q107565971,标准：赞助人地位。 确认为家族中核心的资助实体。
226,Pietro Bellotti,Q1111180,17-18世纪威尼斯画家（1625-1700），以描绘老人的肖像画闻名。,Q3903693,另一同名画家。,Q1111180,标准：活跃年代。 契合威尼斯晚期巴洛克的赞助背景。
227,Pietro Gradenigo,Q108867130,18世纪威尼斯著名的鉴赏家与文献学家，其日记是研究当时赞助状况的基石。,Q723300,威尼斯总督（13世纪）。,Q108867130,标准：年代与职业。 指向 18 世纪对艺术史研究至关重要的本体。
228,Pietro Romano,Q85820871,文艺复兴时期罗马的雕塑家，参与了教廷大型装饰工程。,Q133280575,现代记录。,Q85820871,标准：职业契合。 指向相关的执行方艺术家。
229,Pietà (作品),Q48808515,费拉拉画家 Cosmè Tura 为费拉拉宫廷赞助人创作的《圣母怜子》，现藏于威尼斯。,Q3904404,描述不详或其他画作。,Q48808515,标准：具体性。 指代特定的、具有高度原创性的受托作品。
230,Plutarch,Q41523,古希腊史学家。其《比较列传》是 17 世纪历史画与英雄题材的主要灵感源。,Q3906811,相关的文学评论。,Q41523,标准：题材源头。 指向文人/历史人物本体。
231,Polyxena,Q750236,希腊神话题材。特指由于受托表现牺牲美德而常见的《波吕克塞娜的牺牲》。,Q10350964,相关的文学描写。,Q750236,标准：题材本体。 指向神话人物本体。
232,Pompeo Litta Biumi,Q3907875,18-19世纪米兰贵族、著名的历史学家与艺术收藏家，利塔家族成员。,Q112115761,相关的家族记录。,Q3907875,标准：赞助人身份。 确认为显赫家族的收藏之主。
233,Portrait of Cardinal Camillo Massimi,Q2935136,委拉斯开兹 (Velázquez) 1650 年受托创作的名作，现藏于金贝尔艺术博物馆。,Q124385170,马西米枢机的另一幅肖像。,Q2935136,标准：艺术史地位。 确认为巴洛克肖像画中最具代表性的赞助成果。
234,Portrait of Pope Clement IX,Q119075275,1669年卡洛·马拉塔 (Carlo Maratta) 为教皇克莱蒙九世（罗斯皮利奥西家族）创作的肖像。,Q51212996,贝尼尼创作的同名肖像。,Q119075275,标准：正式更名。 在绘画类别中，马拉塔的这一版是该教皇形象的官方定义。
235,Portrait of Three Musicians of the Medici Court,Q124218016,1687年安东·多梅尼科·加比亚尼为费迪南多·德·美第奇创作的杰作。,Q104691454,描述见上。,Q124218016,标准：正式作品名。 指向美第奇家族晚期赞助中最具代表性的群像。
236,Priapus,Q206878,希腊神话生殖之神。常在受托的花园装饰雕塑中出现。,Q106398256,相关记录。,Q206878,标准：题材本体。 指向神话实体。
237,Prometheus,Q106777102,普罗米修斯。在巴洛克时期常受托作为人类文明起源的象征。,Q10354546,其他记录。,Q106777102,标准：题材本体。 指向神话英雄本体。
238,Prospero Colonna,Q3924128,16世纪意大利统帅，科隆纳家族的艺术与工程赞助人。,Q1392133,其他人物。,Q3924128,标准：身份。 指向核心家族的赞助主体。
239,Provence,Q101081,法国普罗旺斯地区。18世纪景观画中常见的地域题材。,Q70450,其他行政描述。,Q101081,标准：地理本体。 指向核心历史地理区划。
240,Rebecca,Q40520,圣经人物。在“利百加与以利亚撒在井边”等受托画作中是主角。,Q503607,其他。,Q40520,标准：题材本体。 指向圣经人物实体。
241,Rest on the Flight into Egypt (作品),Q60469737,卡拉瓦乔 (Caravaggio) 为多利亚·潘菲利家族受托创作的名作。,Q20175244,相关的圣经故事概念。,Q60469737,标准：具体性。 在赞助背景下指代特定的里程碑作品实体。
242,Resurrection of Christ (作品),Q18573503,皮耶罗·德拉·弗朗切斯卡为圣塞波尔克罗受托创作的巅峰湿壁画。,Q677682,抽象的复活概念。,Q18573503,标准：正式作品名。 指向具有极高赞助与研究价值的艺术实物。
243,Robert Dingley,Q19043520,18世纪英国商人和收藏家，玛格达琳医院的创办人。,Q18527207,不同描述。,Q19043520,标准：赞助人角色。 确认为 18 世纪重要的社会与慈善赞助者。
244,Roger Jones,Q19997588,17-18世纪英国政治家，其肖像曾受托创作。,Q7358423,不同人物。,Q19997588,标准：身份契合。 指向当时活跃的肖像委托方。
245,Roger Morris,Q370192,18世纪英国著名的帕拉第奥风格建筑师，受托设计多处贵族别墅。,Q20734372,相关的肖像。,Q370192,标准：职业。 指向建筑师（执行方）本体。
246,Romania,Q18487313,抽象地区或记录。,Q218,罗马尼亚国家本体。,Q218,标准：地理本体。 在现代记录中通常指代该国家核心条目。
247,Saint Andrew,Q77959687,圣安德烈，使徒。在受托的祭坛画中常作为主赞助人的守护神。,Q2391916,相关的画作。,Q77959687,标准：题材本体。 指向圣人实体，用于关联各种“守护神”委托。
248,Saint Joseph,Q128267,圣约瑟。反宗教改革时期最受推崇的家庭价值赞助题材。,Q680071,相关的画作标题。,Q128267,标准：题材本体。 指向圣人实体。
249,Saint Paul (人物),Q9200,使徒保罗。宗教艺术赞助中最核心的使徒形象。,Q316887,相关的艺术作品。,Q9200,标准：实体层级。 确认为神话/历史人物本体。
250,Saint Philip Neri,Q217791,圣菲利波·内里，罗马的守护神之一。其创立的司铎祈祷会是 17 世纪最重要的艺术赞助机构之一。,Q75426461,相关的视觉描写。,Q217791,标准：身份影响力。 指向圣人及修会领袖本体。
251,Saint Sebastian (人物),Q3947947,圣塞巴斯蒂安。在描写瘟疫与保护的赞助契约中最为频见。,Q183332,特指某幅画。,Q3947947,标准：题材本体。 指向圣人实体。
252,Salvino Salvini,Q3946279,18世纪意大利语言学家与赞助人，美第奇家族的学者顾问。,Q13415683,雕塑家。,Q3946279,标准：身份。 指向 18 世纪活跃在赞助文献领域的文人。
253,Samuel Hill,Q28955153,18世纪英国著名的金匠与赞助人，参与了大量装饰艺术的委托。,Q107435955,其他记录。,Q28955153,标准：职业角色。 指向当时重要的工匠赞助者。
254,San Gaetano,Q764060,佛罗伦萨的圣卡耶坦教堂，其内饰是巴洛克戏剧化赞助的典范。,Q16540121,相关的画作。,Q764060,标准：建筑本体。 确认为重要的建筑赞助项目。
255,San Giovanni Decollato,Q1255741,罗马的被斩首圣若翰洗者教堂。其内部由皮翁博等受托创作了大量名作。,Q3904610,相关的描述。,Q1255741,标准：建筑地位。 指向重要的修会赞助载体。
256,San Salvador,Q1028202,威尼斯的圣救主教堂。保存有提香受托创作的晚期杰作。,Q3110,不同名字。,Q1028202,标准：建筑本体。 指向威尼斯的核心赞助场所。
257,San Sebastiano,Q588559,威尼斯的圣塞巴斯蒂安教堂，其内饰是委罗内塞毕生的赞助高峰。,Q56323344,相关的画作。,Q588559,标准：建筑本体。 指向代表性的整体装饰赞助项目。
258,Santa Maria Assunta,Q585738,多处名为圣母升天的教堂。通常指受教皇赞助的重要巴洛克建筑。,Q55189263,其他。,Q585738,标准：建筑分类。 指向相关的宗教赞助主体。
259,Santa Maria Formosa,Q1813687,威尼斯的圣玛利亚福莫萨教堂，由柯杜齐设计。,Q65129859,相关的作品。,Q1813687,标准：建筑本体。 确认为威尼斯共和国的重要公共委托件。
260,Santa Maria Maddalena dei Pazzi,Q1784984,佛罗伦萨的圣帕齐的玛利亚·玛达肋纳教堂，美第奇家族的资助地。,Q449424,圣人本体。,Q1784984,标准：赞助载体。 指向承载艺术委托的教堂实物。
261,Santa Maria Maggiore,Q2001128,贝加莫或米兰的圣玛利亚大教堂。,Q1304828,相关的艺术记录。,Q2001128,标准：建筑实体。 指向重要的宗教赞助地。
262,Santa Maria del Popolo,Q869513,罗马的人民圣母教堂，齐吉及罗韦雷家族受托在此建立华丽礼拜堂。,Q3673755,相关的作品。,Q869513,标准：建筑地位。 指向文艺复兴至巴洛克最具竞争性的家族赞助地。
263,Santa Maria della Pietà,Q1559661,威尼斯的怜悯圣母教堂，以维瓦尔第的音乐赞助与提埃坡罗的天顶画闻名。,Q45813490,相关的描述。,Q1559661,标准：建筑本体。 指向 18 世纪威尼斯的综合艺术赞助枢纽。
264,Santa Maria della Salute,Q52531,威尼斯安康圣母大殿。威尼斯共和国为感谢圣母止息瘟疫而举国赞助建造。,Q3673912,相关的记录。,Q52531,标准：建筑意义。 指向 17 世纪最重要的国家级还愿赞助项目。
265,Santa Maria della Vittoria,Q863593,胜利圣母教堂，内有贝尼尼的《圣德肋撒的狂喜》（波尔纳罗家族赞助）。,Q2051448,其他。,Q863593,标准：建筑名胜。 指向巴洛克雕塑赞助的巅峰场所。
266,Santa Maria di Loreto,Q461997,罗马的洛雷托圣母教堂。,Q120257208,相关的画作。,Q461997,标准：建筑本体。 指向相关的教廷赞助实体。
267,Santa Prassede,Q733890,罗马圣普拉契德圣殿，其内饰保存有极其古老的马赛克赞助。,Q111842579,相关的记录。,Q733890,标准：建筑本体。 指向历史悠久的宗教赞助载体。
268,Santi Apostoli,Q1515300,罗马圣使徒教堂，科隆纳及德拉·罗韦雷家族曾在此进行大规模资助。,Q118984026,其他同名。,Q1515300,标准：建筑地位。 确认为教皇家族的核心赞助中心。
269,Santissima Annunziata (地点),Q2287001,佛罗伦萨圣母领报圣殿，美第奇及其他家族最神圣的还愿赞助地。,Q25112887,特指该地点的艺术作品。,Q2287001,标准：建筑本体。 指向核心宗教赞助实物。
270,Santo Stefano Rotondo,Q916860,罗马圆形的圣斯德望圣殿。教皇保罗二世及其他枢机常受托进行复修与装饰。,Q919456,相关的描写。,Q916860,标准：建筑独特性。 指向具有极高赞助研究价值的建筑本体。
271,Scipione Maffei,Q1587432,18世纪意大利学者与赞助人（1675-1755），维罗纳艺术与学术界的核心人物。,Q3831958,不同的马菲家族成员。,Q1587432,标准：影响力判定。 指向启蒙时代最具影响力的学者赞助人。
272,Sebastiano Ricci,Q26878812,17-18世纪著名的威尼斯画家，受托为欧洲多个王室及枢机创作大型装饰画。,Q506483,相关的描述。,Q26878812,标准：职业。 指向顶级执行方艺术家本体。
273,Sergio Ortolani,Q59525924,20世纪艺术史学家，专注于那不勒斯与巴洛克赞助制度的研究。,Q60786953,不同记录。,Q59525924,标准：职业领域。 指向相关领域的研究专家。
274,Sforza Pallavicino,Q1618919,17世纪意大利枢机主教、哲学家，教皇亚历山大七世的核心幕僚与赞助顾问。,Q47482530,相关的描述。,Q1618919,标准：赞助人顾问角色。 确认为巴洛克罗马理论与委托的中枢。
275,Simone Buonaccorsi,Q3484548,18世纪意大利枢机主教，活跃于马尔凯地区的艺术赞助。,Q109806863,相关记录。,Q3484548,标准：身份契合。 指向当时显赫的教廷赞助阶层。
276,Sisera,Q976765,圣经人物。在“雅亿杀西西拉”这一常见的巴洛克受托题材中是被画者。,Q76421887,相关的作品。,Q976765,标准：题材本体。 指向圣经人物实体。
277,Solomon's Temple,Q223644,所罗门圣殿。巴洛克时期建筑与壁画委托中常见的宏大寓意题材。,Q26627670,相关的记录。,Q223644,标准：题材源头。 指向历史/圣经建筑实体。
278,Sotheby's,Q654762,苏富比拍卖行。不仅是现代中转站，其 18 世纪的起源与当时的收藏家赞助密切相关。,Q121057985,其他记录。,Q654762,标准：机构本体。 指向核心交易与研究平台。
279,St. Paul's Cathedral,Q173882,伦敦圣保罗大教堂。克里斯托弗·雷恩受王室与国家委托的巅峰之作。,Q2441417,不同时期的教堂。,Q173882,标准：建筑本体。 指向 17 世纪最重要的英国建筑赞助项目。
280,St. Peter's Square,Q23940745,圣彼得广场。贝尼尼受教皇亚历山大七世委托创作的城市赞助巅峰。,Q21016226,相关记录。,Q23940745,标准：公共空间本体。 确认为教廷权威的视觉赞助化身。
281,Stefano Conti,Q4026944,18世纪卢卡富商、著名的卡纳莱托赞助人，其订单记录了威尼斯景观画的早期兴起。,Q57909808,现代同名。,Q4026944,标准：赞助人重要性。 确认为 18 世纪早期关键的收藏委托方。
282,Stefano Landi,Q381943,17世纪意大利作曲家，活跃于巴贝里尼家族的赞助圈，推动了巴洛克歌剧。,Q48096814,不同人物。,Q381943,标准：职业角色。 指向历史背景下的文人执行方。
283,Strada Nuova,Q18443331,热那亚的新街。沿线宫殿是 16 世纪热那亚贵族“罗利宫殿”赞助体系的载体。,Q3499946,不同城市。,Q18443331,标准：地理实体。 指向热那亚核心赞助景观。
284,Syrinx (人物),Q846129,希腊神话宁芙。潘神追求的对象。常作为受托题材中的受害者形象。,Q16992917,相关的艺术作品。,Q846129,标准：题材本体。 指向神话人物实体。
285,Ségala,Q3510536,现代历史学家。,Q3510535,不同职业。,Q3510536,标准：职业。 指向相关的研究领域本体。
286,Teatro Farnese,Q1507811,帕尔马的法尔内塞剧院。17世纪最宏伟的木制剧院，法尔内塞家族赞助的典范。,Q111916404,相关的演出。,Q1507811,标准：建筑本体。 指向显赫的贵族宫廷赞助实物。
287,Temple Newsam,Q2748017,英国利兹附近的庄园，18世纪受委托进行大规模扩建与艺术装饰。,Q55466781,相关的记录。,Q2748017,标准：建筑本体。 指向核心庄园赞助中心。
288,The Abduction of Helen (作品),Q118876935,圭多·雷尼 (Guido Reni) 1626 年受菲利普四世委托创作的名作，现藏于卢浮宫。,Q99476590,相关的神话概念。,Q118876935,标准：具体性。 在赞助背景下指代特定的、由顶级赞助人委托的实物画作。
289,The Adoration of the Magi (作品),Q28027599,提香 (Titian) 为费利佩二世受托创作的名作。,Q2489939,抽象的朝拜概念。,Q28027599,标准：正式作品名。 指向具有极高赞助价值的画作实体。
290,The Banquet of Cleopatra (作品),Q18167078,提埃坡罗 (Tiepolo) 1743 年为奥古斯都三世受托创作的巨幅名作。,Q16741676,描述见上。,Q18167078,标准：正式作品名。 指向洛可可赞助史中最显赫的实物之一。
291,The Baptism of Christ,Q19911646,委罗内塞受托创作的《基督受洗》，体现了威尼斯式宏大宗教赞助。,Q134436450,其他画作标题。,Q19911646,标准：首选记录。 指向特定的名家受托作品。
292,The Choice of Hercules (作品),Q118993578,安尼巴莱·卡拉奇 (Annibale Carracci) 为法尔内塞宫创作的《武仙座的抉择》。,Q283665,抽象的神话美德概念。,Q118993578,标准：具体性。 指代特定的、定义了古典主义赞助品味的画作。
293,The Conversion of Saint Paul (作品),Q1448203,卡拉瓦乔 (Caravaggio) 为切拉西礼拜堂受托创作的巅峰名作。,Q19364829,相关的宗教概念。,Q1448203,标准：正式作品名。 指向最具研究价值的赞助结果实体。
294,The Death of Cleopatra (作品),Q12899375,圭尔奇诺 (Guercino) 或里贝拉受托创作的同名悲剧杰作。,Q15622804,其他描述。,Q12899375,标准：正式更名。 指向具体的受托画作实体。
295,The Death of Lucretia (作品),Q20529027,提香 (Titian) 晚年受托创作的名作。,Q51162654,抽象的道德史实概念。,Q20529027,标准：具体性。 指代特定的实物名作。
296,The Entombment of Christ (作品),Q1213151,拉斐尔 (Raphael) 1507 年为巴廖尼家族受托创作的《基督下葬》。,Q6121364,相关的宗教概念。,Q1213151,标准：正式作品名。 指向文艺复兴时期最重要的私人还愿赞助实体。
297,The Great Flood,Q118397664,抽象的洪水题材。在 17 世纪大尺度景观画委托中常见。,Q124436027,具体的画作。,Q118397664,标准：题材代表性。 涵盖该主题在赞助史中的广泛讨论。
298,The Holy Family (作品),Q427390,拉斐尔或普桑受托创作的《圣家族》，体现了理想美的赞助标准。,Q17347632,抽象的家庭概念。,Q427390,标准：正式作品名。 指向具体的受托名作。
299,The Judgment of Paris (作品),Q20354950,鲁本斯 (Rubens) 为菲利普四世受托创作的名作，现藏于普拉多。,Q19911452,抽象的神话题材概念。,Q20354950,标准：具体性。 指代特定的、由最高赞助人委托的大型实物。
300,Marriage,Q26511045,普桑受托创作的《七件圣事》中的“婚礼”主题。,Q8445,抽象的婚姻概念。,Q26511045,标准：具体性。 在赞助背景下指代特定的、由查尔·德·尚泰卢委托的实物。
301,The Last Supper (作品),Q124721,达芬奇 (Leonardo da Vinci) 1490年代受卢多维科·斯福尔扎委托创作的壁画巅峰。,Q110140410,相关的宗教概念描述。,Q124721,判定标准：具体性。 指代世界艺术史上最重要的单件委约作品。
302,The Massacre of the Innocents,Q1599420,鲁本斯 (Rubens) 约 1611 年受托创作的名作，现藏于安大略美术馆。,Q3827960,相关的圣经背景描述。,Q1599420,判定标准：正式作品名。 指向巴洛克赞助中极具代表性的实物。
303,The Martyrdom of Saint Peter,Q3904610,米开朗基罗 (Michelangelo) 1546 年受教皇保罗三世委托为帕利纳礼拜堂创作。,Q3903674,相关的历史描述。,Q3904610,判定标准：具体性。 确认为教皇赞助体系的核心工程成果。
304,The Sacrifice of Isaac,Q3904404,卡拉瓦乔 (Caravaggio) 受枢机主教马费奥·巴贝里尼（后来的教皇乌尔班八世）委托创作。,Q3903693,相关的描述。,Q3904404,判定标准：具体性。 指向巴洛克早期最具个人化特征的受托名作。
305,The Virgin and Child,Q111648805,抽象题材：圣母与圣子。在 15-17 世纪是欧洲最普遍的私人还愿赞助题材。,Q110243718,其他。,Q111648805,判定标准：题材广泛性。 除非明指某画，否则保留通用受托题材 QID。
306,The Virgin Mary,Q34374,圣母玛利亚。宗教艺术赞助的核心，象征中介与慈悲。,Q34201,其他描述。,Q34374,判定标准：题材本体。 指向圣人实体，用于关联各种“守护者”委托。
307,The Virgin of the Rocks,Q2051448,达芬奇为圣母无染原罪兄弟会受托创作的《岩间圣母》，涉及著名的法律诉讼。,Q20175244,相关的描述。,Q2051448,判定标准：正式作品名。 指向赞助史上极具研究价值的实物。
308,Theodor Mommsen,Q21289021,19世纪著名的历史学家（1817-1903），研究古典法律与铭文赞助。,Q508392,其他描述。,Q21289021,判定标准：职业。 指向研究古代制度的关键学者本体。
309,Theresa of Avila (人物),Q131588,圣德肋撒（1515-1582）。赤足加尔默罗会创始人，17世纪巴洛克赞助最推崇的圣徒。,Q3169,相关的艺术作品。,Q131588,判定标准：实体类型 (P31)。 确认为神话/历史人物本体。
309,Ecstasy of Saint Teresa (作品),Q131588,同上。,Q11762206,贝尼尼为枢机主教波尔纳罗受托创作的雕塑巅峰。,Q11762206,判定标准：正式作品名。 指向巴洛克雕塑赞助史上最著名的实物成果。
310,Theseus,Q132582,希腊神话题材。新古典主义时期（如卡诺瓦的作品）常受托表现英雄美德。,Q131552,其他描述。,Q132582,判定标准：题材本体。 指向神话人物实体。
311,Thomas Coke (人物),Q110140410,第一代莱斯特伯爵（1697-1759），霍克姆庄园的建造者，18世纪英国顶级赞助人。,Q76038239,描绘托马斯·柯克的肖像。,Q110140410,判定标准：赞助人地位。 确认为英国大旅行时期最重要的赞助实体。
311,Portrait of Thomas Coke,Q110140410,同上。,Q76038239,庞培奥·巴托尼 (Batoni) 为其创作的官方肖像，现藏于霍克姆庄园。,Q76038239,判定标准：正式作品名。 指向典型的“大旅行”肖像赞助实物。
312,Thomas Foley (人物),Q7789693,第一代福利男爵（1716-1777），18世纪英国著名的地产赞助人与收藏家。,Q7789691,第二代福利男爵。,Q7789693,判定标准：赞助贡献。 第一代男爵在庄园扩建与艺术委托方面影响力更为显著。
313,Thomas Sydenham (人物),Q559213,17世纪英国医学家。其社会地位使其成为 17 世纪英国多位肖像画家争相描绘的对象。,Q75269441,由女画家玛丽·比尔 (Mary Beale) 创作的肖像油画。,Q559213,判定标准：职业。 指向医学家本体，作为被画者参与了艺术契约。
313,Portrait of Thomas Sydenham,Q559213,同上。,Q75269441,描述见上。现藏于伦敦国家肖像馆。,Q75269441,判定标准：正式作品名。 指向具体的图像记录实物。
314,Tolfa (地点),Q243488,意大利拉齐奥城镇。美第奇家族及教廷因该地的明矾矿藏而建立庞大的赞助联系。,Q37020169,托尔法地区的地理区划描述。,Q243488,标准：地理本体。 指向核心历史赞助背景地本体。
315,Tommaso Mattei,Q7819076,17-18世纪意大利建筑师，受托设计了罗马多处巴洛克祭坛。,Q104902519,不同描述。,Q7819076,判定标准：职业。 指向建筑师（执行方）本体。
316,Tommaso Ruffo (人物),Q2661419,17-18世纪意大利枢机主教、收藏家（1663-1753）。拥有当时欧洲最重要的艺术品收藏。,Q108446805,描绘鲁福枢机主教的官方油画肖像。,Q2661419,判定标准：赞助人身份。 指向鲁福家族的核心收藏主体。
316,Portrait of Cardinal Tommaso Ruffo,Q2661419,同上。,Q108446805,描绘这位枢机主教形象的艺术实物。,Q108446805,判定标准：正式作品名。 指向具体的肖像记录实体。
317,Troy (地点),Q22647,特洛伊古城。不仅是神话地，更是巴洛克与古典绘画中最核心的史诗题材背景。,Q79862,特洛伊战争相关的描述。,Q22647,标准：地理本体。 指向核心神话地理本体。
318,Turnus,Q633549,意大利图尔努斯王。在《埃涅阿斯纪》绘画委托中常作为埃涅阿斯的主要对手出现。,Q1325522,相关记录。,Q633549,判定标准：题材本体。 指向史诗人物本体。
319,Venus Italica (作品),Q4009586,安东尼奥·卡诺瓦 (Antonio Canova) 1804 年受路德维希一世委托创作的大理石雕塑。,Q121790161,该雕塑的石膏模型或其他副本。,Q4009586,判定标准：具体性。 指代特定的、由顶级赞助人委托创作的原创雕塑实体。
320,"Venus, Adonis and Cupid",Q50973367,提香 (Titian) 1550年代受菲利普二世委托创作的名作系列之一。,Q4245125,相关的神话概念。,Q50973367,判定标准：具体性。 指向赞助背景下特定的实物名作。
321,Villa Medici (地点),Q206365,罗马美第奇别墅。美第奇家族权力的象征，收藏有著名的美第奇维纳斯等。,Q1585931,相关的园林描述。,Q206365,标准：建筑本体。 指向罗马最重要的赞助中心之一。
322,Villa Pisani (地点),Q514069,皮萨尼别墅（斯特拉）。提埃坡罗曾在此受托创作宏大的天顶画《皮萨尼家族的荣耀》。,Q2060988,不同地区的皮萨尼别墅。,Q514069,标准：建筑本体。 指向威尼斯最具代表性的贵族豪宅赞助案例。
323,Vincenzo Ruffo,Q1494084,16世纪意大利作曲家，活跃于米兰与维罗纳的教会赞助圈。,Q109876830,相关的描述。,Q1494084,判定标准：职业。 指向历史背景下的文人/执行方本体。
324,Virgin Mary,Q34374,同 SN 306。圣母玛利亚神学人物。,Q34201,同上。,Q34374,标准：去重确认。 保留人物/题材主条目。
325,Vitruvius,Q47163,古罗马建筑师维特鲁威。其《建筑十书》是文艺复兴至巴洛克建筑赞助的理论金律。,Q3585960,相关的文学评论。,Q47163,判定标准：身份地位。 指向理论奠基者本体。
326,W. G. Constable,Q3568879,20世纪著名的艺术史学家，加纳莱托研究泰斗，奠定了景观画赞助的研究框架。,Q76093327,不同记录。,Q3568879,判定标准：职业领域。 指向相关领域的研究专家本体。
327,Werner Weisbach,Q110034112,20世纪德国艺术史学家（1873-1953），专注于巴洛克艺术与社会赞助史的研究。,Q76042979,不同记录。,Q110034112,判定标准：职业领域。 指向研究赞助史的关键学者。
328,William Kent,Q3510535,18世纪英国杰出的建筑师、画家与园林设计师，理查德·博伊尔（伯灵顿伯爵）的核心执行者。,Q3510536,不同人物。,Q3510535,判定标准：职业。 指向英国巴洛克/帕拉第奥风格最重要的执行方本体。
329,William Playfair,Q3732023,18-19世纪苏格兰著名建筑师，受托设计了多处爱丁堡的标志性新古典主义建筑。,Q18091939,其他同名。,Q3732023,判定标准：职业。 指向建筑师本体。
330,Windermere,Q336806,英国温德米尔湖区。在18-19世纪风景画委托中是极受欢迎的地域题材。,Q66624849,相关的描述。,Q336806,标准：地理本体。 指向核心历史地理本体。
331,Wisdom,Q26699586,抽象概念：智慧。常以“智慧女神”的寓意形象在受托的天顶画中出现。,Q26627670,其他描述。,Q26699586,标准：题材属性。 指向题材核心本体。
332,Witt Library,Q13415683,伦敦考陶德艺术学院的维特图书馆，保存有全球最庞大的艺术品照片及赞助记录档案。,Q37835259,不同描述。,Q13415683,标准：机构本体。 确认为艺术研究与档案管理的核心平台。
333,Worcester,Q3771406,英国伍斯特市。与 18 世纪英国瓷器及地方赞助历史相关。,Q327026,不同地名描述。,Q3771406,标准：地理本体。 指向历史名城本体。
334,Xanadu,Q15812370,元上都。在西方艺术赞助文献中常作为东方奇幻与奢华赞助的文学符号出现。,Q28730220,相关的描述。,Q15812370,标准：地理/文学本体。 指向核心地点本体。
335,Xanten,Q1596820,德国桑腾。具有丰富的罗马时期考古发现，影响了北欧的赞助口味。,Q18934987,其他地名。,Q1596820,标准：地理本体。 指向历史名城本体。
336,Xenophon,Q1599421,古希腊史学家。其著作是巴洛克历史画赞助中常见的道德叙事源泉。,Q1599420,相关的描述。,Q1599421,判定标准：身份地位。 指向文人/历史人物本体。
337,York,Q57628,英国约克郡。18世纪英国庄园建筑与景观赞助的重镇。,Q242928,相关地名描述。,Q57628,标准：地理本体。 指向核心行政区。
338,Zacchaeus,Q178813,圣经人物撒该。在“基督与撒该”这一常见的受托画作题材中是主角。,Q961668,相关的描述。,Q178813,标准：题材本体。 指向圣经人物实体。
339,Zechariah,Q122248,圣经先知撒迦利亚。常在受托的教堂祭坛画装饰中作为预言的象征出现。,Q10448,天文学。,Q122248,标准：题材本体。 指向先知人物实体。
340,Zeuxis,Q11710021,古希腊传奇画家。他的“欺骗性现实主义”故事是巴洛克画家向赞助人炫耀技法的经典题材来源。,Q2101592,相关的描述。,Q11710021,判定标准：身份地位。 指向艺术家/题材本体。
